Copyright 1986-2022 Xilinx, Inc. All Rights Reserved. Copyright 2022-2023 Advanced Micro Devices, Inc. All Rights Reserved.
---------------------------------------------------------------------------------------------------------------------------------------------------------------------------------------------------------------------------
| Tool Version : Vivado v.2023.1 (win64) Build 3865809 Sun May  7 15:05:29 MDT 2023
| Date         : Wed Nov 26 12:59:51 2025
| Host         : Blade-Victus running 64-bit major release  (build 9200)
| Command      : report_timing_summary -max_paths 10 -report_unconstrained -file scoreboard_timing_summary_routed.rpt -pb scoreboard_timing_summary_routed.pb -rpx scoreboard_timing_summary_routed.rpx -warn_on_violation
| Design       : scoreboard
| Device       : 7a100t-csg324
| Speed File   : -1  PRODUCTION 1.23 2018-06-13
| Design State : Routed
---------------------------------------------------------------------------------------------------------------------------------------------------------------------------------------------------------------------------

Timing Summary Report

------------------------------------------------------------------------------------------------
| Timer Settings
| --------------
------------------------------------------------------------------------------------------------

  Enable Multi Corner Analysis               :  Yes
  Enable Pessimism Removal                   :  Yes
  Pessimism Removal Resolution               :  Nearest Common Node
  Enable Input Delay Default Clock           :  No
  Enable Preset / Clear Arcs                 :  No
  Disable Flight Delays                      :  No
  Ignore I/O Paths                           :  No
  Timing Early Launch at Borrowing Latches   :  No
  Borrow Time for Max Delay Exceptions       :  Yes
  Merge Timing Exceptions                    :  Yes

  Corner  Analyze    Analyze    
  Name    Max Paths  Min Paths  
  ------  ---------  ---------  
  Slow    Yes        Yes        
  Fast    Yes        Yes        


------------------------------------------------------------------------------------------------
| Report Methodology
| ------------------
------------------------------------------------------------------------------------------------

Rule       Severity  Description                    Violations  
---------  --------  -----------------------------  ----------  
TIMING-18  Warning   Missing input or output delay  21          

Note: This report is based on the most recent report_methodology run and may not be up-to-date. Run report_methodology on the current design for the latest report.



check_timing report

Table of Contents
-----------------
1. checking no_clock (0)
2. checking constant_clock (0)
3. checking pulse_width_clock (0)
4. checking unconstrained_internal_endpoints (0)
5. checking no_input_delay (5)
6. checking no_output_delay (16)
7. checking multiple_clock (0)
8. checking generated_clocks (0)
9. checking loops (0)
10. checking partial_input_delay (0)
11. checking partial_output_delay (0)
12. checking latch_loops (0)

1. checking no_clock (0)
------------------------
 There are 0 register/latch pins with no clock.


2. checking constant_clock (0)
------------------------------
 There are 0 register/latch pins with constant_clock.


3. checking pulse_width_clock (0)
---------------------------------
 There are 0 register/latch pins which need pulse_width check


4. checking unconstrained_internal_endpoints (0)
------------------------------------------------
 There are 0 pins that are not constrained for maximum delay.

 There are 0 pins that are not constrained for maximum delay due to constant clock.


5. checking no_input_delay (5)
------------------------------
 There are 5 input ports with no input delay specified. (HIGH)

 There are 0 input ports with no input delay but user has a false path constraint.


6. checking no_output_delay (16)
--------------------------------
 There are 16 ports with no output delay specified. (HIGH)

 There are 0 ports with no output delay but user has a false path constraint

 There are 0 ports with no output delay but with a timing clock defined on it or propagating through it


7. checking multiple_clock (0)
------------------------------
 There are 0 register/latch pins with multiple clocks.


8. checking generated_clocks (0)
--------------------------------
 There are 0 generated clocks that are not connected to a clock source.


9. checking loops (0)
---------------------
 There are 0 combinational loops in the design.


10. checking partial_input_delay (0)
------------------------------------
 There are 0 input ports with partial input delay specified.


11. checking partial_output_delay (0)
-------------------------------------
 There are 0 ports with partial output delay specified.


12. checking latch_loops (0)
----------------------------
 There are 0 combinational latch loops in the design through latch input



------------------------------------------------------------------------------------------------
| Design Timing Summary
| ---------------------
------------------------------------------------------------------------------------------------

    WNS(ns)      TNS(ns)  TNS Failing Endpoints  TNS Total Endpoints      WHS(ns)      THS(ns)  THS Failing Endpoints  THS Total Endpoints     WPWS(ns)     TPWS(ns)  TPWS Failing Endpoints  TPWS Total Endpoints  
    -------      -------  ---------------------  -------------------      -------      -------  ---------------------  -------------------     --------     --------  ----------------------  --------------------  
      5.343        0.000                      0                  380        0.151        0.000                      0                  380        4.500        0.000                       0                   190  


All user specified timing constraints are met.


------------------------------------------------------------------------------------------------
| Clock Summary
| -------------
------------------------------------------------------------------------------------------------

Clock        Waveform(ns)       Period(ns)      Frequency(MHz)
-----        ------------       ----------      --------------
sys_clk_pin  {0.000 5.000}      10.000          100.000         


------------------------------------------------------------------------------------------------
| Intra Clock Table
| -----------------
------------------------------------------------------------------------------------------------

Clock             WNS(ns)      TNS(ns)  TNS Failing Endpoints  TNS Total Endpoints      WHS(ns)      THS(ns)  THS Failing Endpoints  THS Total Endpoints     WPWS(ns)     TPWS(ns)  TPWS Failing Endpoints  TPWS Total Endpoints  
-----             -------      -------  ---------------------  -------------------      -------      -------  ---------------------  -------------------     --------     --------  ----------------------  --------------------  
sys_clk_pin         5.343        0.000                      0                  380        0.151        0.000                      0                  380        4.500        0.000                       0                   190  


------------------------------------------------------------------------------------------------
| Inter Clock Table
| -----------------
------------------------------------------------------------------------------------------------

From Clock    To Clock          WNS(ns)      TNS(ns)  TNS Failing Endpoints  TNS Total Endpoints      WHS(ns)      THS(ns)  THS Failing Endpoints  THS Total Endpoints  
----------    --------          -------      -------  ---------------------  -------------------      -------      -------  ---------------------  -------------------  


------------------------------------------------------------------------------------------------
| Other Path Groups Table
| -----------------------
------------------------------------------------------------------------------------------------

Path Group    From Clock    To Clock          WNS(ns)      TNS(ns)  TNS Failing Endpoints  TNS Total Endpoints      WHS(ns)      THS(ns)  THS Failing Endpoints  THS Total Endpoints  
----------    ----------    --------          -------      -------  ---------------------  -------------------      -------      -------  ---------------------  -------------------  


------------------------------------------------------------------------------------------------
| User Ignored Path Table
| -----------------------
------------------------------------------------------------------------------------------------

Path Group    From Clock    To Clock    
----------    ----------    --------    


------------------------------------------------------------------------------------------------
| Unconstrained Path Table
| ------------------------
------------------------------------------------------------------------------------------------

Path Group    From Clock    To Clock    
----------    ----------    --------    
(none)        sys_clk_pin                 
(none)                      sys_clk_pin   


------------------------------------------------------------------------------------------------
| Timing Details
| --------------
------------------------------------------------------------------------------------------------


---------------------------------------------------------------------------------------------------
From Clock:  sys_clk_pin
  To Clock:  sys_clk_pin

Setup :            0  Failing Endpoints,  Worst Slack        5.343ns,  Total Violation        0.000ns
Hold  :            0  Failing Endpoints,  Worst Slack        0.151ns,  Total Violation        0.000ns
PW    :            0  Failing Endpoints,  Worst Slack        4.500ns,  Total Violation        0.000ns
---------------------------------------------------------------------------------------------------


Max Delay Paths
--------------------------------------------------------------------------------------
Slack (MET) :             5.343ns  (required time - arrival time)
  Source:                 m_t_reg[3]/C
                            (rising edge-triggered cell FDRE clocked by sys_clk_pin  {rise@0.000ns fall@5.000ns period=10.000ns})
  Destination:            s_t_reg[1]/D
                            (rising edge-triggered cell FDRE clocked by sys_clk_pin  {rise@0.000ns fall@5.000ns period=10.000ns})
  Path Group:             sys_clk_pin
  Path Type:              Setup (Max at Slow Process Corner)
  Requirement:            10.000ns  (sys_clk_pin rise@10.000ns - sys_clk_pin rise@0.000ns)
  Data Path Delay:        4.328ns  (logic 1.093ns (25.256%)  route 3.235ns (74.744%))
  Logic Levels:           3  (LUT4=1 LUT5=2)
  Clock Path Skew:        -0.024ns (DCD - SCD + CPR)
    Destination Clock Delay (DCD):    5.027ns = ( 15.027 - 10.000 ) 
    Source Clock Delay      (SCD):    5.326ns
    Clock Pessimism Removal (CPR):    0.275ns
  Clock Uncertainty:      0.035ns  ((TSJ^2 + TIJ^2)^1/2 + DJ) / 2 + PE
    Total System Jitter     (TSJ):    0.071ns
    Total Input Jitter      (TIJ):    0.000ns
    Discrete Jitter          (DJ):    0.000ns
    Phase Error              (PE):    0.000ns

    Location             Delay type                Incr(ns)  Path(ns)    Netlist Resource(s)
  -------------------------------------------------------------------    -------------------
                         (clock sys_clk_pin rise edge)
                                                      0.000     0.000 r  
    E3                                                0.000     0.000 r  clk (IN)
                         net (fo=0)                   0.000     0.000    clk
    E3                   IBUF (Prop_ibuf_I_O)         1.482     1.482 r  clk_IBUF_inst/O
                         net (fo=1, routed)           2.025     3.506    clk_IBUF
    BUFGCTRL_X0Y16       BUFG (Prop_bufg_I_O)         0.096     3.602 r  clk_IBUF_BUFG_inst/O
                         net (fo=189, routed)         1.723     5.326    clk_IBUF_BUFG
    SLICE_X1Y90          FDRE                                         r  m_t_reg[3]/C
  -------------------------------------------------------------------    -------------------
    SLICE_X1Y90          FDRE (Prop_fdre_C_Q)         0.456     5.782 f  m_t_reg[3]/Q
                         net (fo=3, routed)           1.030     6.812    m_t_reg[3]
    SLICE_X1Y90          LUT4 (Prop_lut4_I0_O)        0.124     6.936 r  led_i_3/O
                         net (fo=8, routed)           0.842     7.778    m_t419_in
    SLICE_X2Y91          LUT5 (Prop_lut5_I1_O)        0.153     7.931 r  s_t[3]_i_4/O
                         net (fo=2, routed)           0.798     8.729    s_t[3]_i_4_n_0
    SLICE_X3Y91          LUT5 (Prop_lut5_I3_O)        0.360     9.089 r  s_t[1]_i_1/O
                         net (fo=1, routed)           0.565     9.653    s_t[1]_i_1_n_0
    SLICE_X3Y91          FDRE                                         r  s_t_reg[1]/D
  -------------------------------------------------------------------    -------------------

                         (clock sys_clk_pin rise edge)
                                                     10.000    10.000 r  
    E3                                                0.000    10.000 r  clk (IN)
                         net (fo=0)                   0.000    10.000    clk
    E3                   IBUF (Prop_ibuf_I_O)         1.411    11.411 r  clk_IBUF_inst/O
                         net (fo=1, routed)           1.920    13.331    clk_IBUF
    BUFGCTRL_X0Y16       BUFG (Prop_bufg_I_O)         0.091    13.422 r  clk_IBUF_BUFG_inst/O
                         net (fo=189, routed)         1.604    15.027    clk_IBUF_BUFG
    SLICE_X3Y91          FDRE                                         r  s_t_reg[1]/C
                         clock pessimism              0.275    15.302    
                         clock uncertainty           -0.035    15.266    
    SLICE_X3Y91          FDRE (Setup_fdre_C_D)       -0.270    14.996    s_t_reg[1]
  -------------------------------------------------------------------
                         required time                         14.996    
                         arrival time                          -9.653    
  -------------------------------------------------------------------
                         slack                                  5.343    

Slack (MET) :             5.582ns  (required time - arrival time)
  Source:                 s_t_reg[2]/C
                            (rising edge-triggered cell FDRE clocked by sys_clk_pin  {rise@0.000ns fall@5.000ns period=10.000ns})
  Destination:            s_u_reg[0]/D
                            (rising edge-triggered cell FDRE clocked by sys_clk_pin  {rise@0.000ns fall@5.000ns period=10.000ns})
  Path Group:             sys_clk_pin
  Path Type:              Setup (Max at Slow Process Corner)
  Requirement:            10.000ns  (sys_clk_pin rise@10.000ns - sys_clk_pin rise@0.000ns)
  Data Path Delay:        4.274ns  (logic 1.058ns (24.754%)  route 3.216ns (75.246%))
  Logic Levels:           3  (LUT3=1 LUT4=2)
  Clock Path Skew:        -0.042ns (DCD - SCD + CPR)
    Destination Clock Delay (DCD):    5.026ns = ( 15.026 - 10.000 ) 
    Source Clock Delay      (SCD):    5.327ns
    Clock Pessimism Removal (CPR):    0.259ns
  Clock Uncertainty:      0.035ns  ((TSJ^2 + TIJ^2)^1/2 + DJ) / 2 + PE
    Total System Jitter     (TSJ):    0.071ns
    Total Input Jitter      (TIJ):    0.000ns
    Discrete Jitter          (DJ):    0.000ns
    Phase Error              (PE):    0.000ns

    Location             Delay type                Incr(ns)  Path(ns)    Netlist Resource(s)
  -------------------------------------------------------------------    -------------------
                         (clock sys_clk_pin rise edge)
                                                      0.000     0.000 r  
    E3                                                0.000     0.000 r  clk (IN)
                         net (fo=0)                   0.000     0.000    clk
    E3                   IBUF (Prop_ibuf_I_O)         1.482     1.482 r  clk_IBUF_inst/O
                         net (fo=1, routed)           2.025     3.506    clk_IBUF
    BUFGCTRL_X0Y16       BUFG (Prop_bufg_I_O)         0.096     3.602 r  clk_IBUF_BUFG_inst/O
                         net (fo=189, routed)         1.724     5.327    clk_IBUF_BUFG
    SLICE_X1Y91          FDRE                                         r  s_t_reg[2]/C
  -------------------------------------------------------------------    -------------------
    SLICE_X1Y91          FDRE (Prop_fdre_C_Q)         0.456     5.783 f  s_t_reg[2]/Q
                         net (fo=6, routed)           0.831     6.614    s_t_reg_n_0_[2]
    SLICE_X3Y91          LUT4 (Prop_lut4_I1_O)        0.124     6.738 r  led_i_5/O
                         net (fo=7, routed)           1.039     7.777    m_t3
    SLICE_X2Y91          LUT4 (Prop_lut4_I3_O)        0.150     7.927 r  led_i_1/O
                         net (fo=10, routed)          1.010     8.937    m_t1
    SLICE_X3Y93          LUT3 (Prop_lut3_I0_O)        0.328     9.265 r  s_u[0]_i_1/O
                         net (fo=1, routed)           0.336     9.601    s_u[0]_i_1_n_0
    SLICE_X5Y93          FDRE                                         r  s_u_reg[0]/D
  -------------------------------------------------------------------    -------------------

                         (clock sys_clk_pin rise edge)
                                                     10.000    10.000 r  
    E3                                                0.000    10.000 r  clk (IN)
                         net (fo=0)                   0.000    10.000    clk
    E3                   IBUF (Prop_ibuf_I_O)         1.411    11.411 r  clk_IBUF_inst/O
                         net (fo=1, routed)           1.920    13.331    clk_IBUF
    BUFGCTRL_X0Y16       BUFG (Prop_bufg_I_O)         0.091    13.422 r  clk_IBUF_BUFG_inst/O
                         net (fo=189, routed)         1.603    15.026    clk_IBUF_BUFG
    SLICE_X5Y93          FDRE                                         r  s_u_reg[0]/C
                         clock pessimism              0.259    15.285    
                         clock uncertainty           -0.035    15.249    
    SLICE_X5Y93          FDRE (Setup_fdre_C_D)       -0.067    15.182    s_u_reg[0]
  -------------------------------------------------------------------
                         required time                         15.182    
                         arrival time                          -9.601    
  -------------------------------------------------------------------
                         slack                                  5.582    

Slack (MET) :             5.605ns  (required time - arrival time)
  Source:                 s_u_reg[0]/C
                            (rising edge-triggered cell FDRE clocked by sys_clk_pin  {rise@0.000ns fall@5.000ns period=10.000ns})
  Destination:            m_t_reg[1]/CE
                            (rising edge-triggered cell FDRE clocked by sys_clk_pin  {rise@0.000ns fall@5.000ns period=10.000ns})
  Path Group:             sys_clk_pin
  Path Type:              Setup (Max at Slow Process Corner)
  Requirement:            10.000ns  (sys_clk_pin rise@10.000ns - sys_clk_pin rise@0.000ns)
  Data Path Delay:        4.112ns  (logic 1.284ns (31.223%)  route 2.828ns (68.777%))
  Logic Levels:           3  (LUT4=1 LUT5=2)
  Clock Path Skew:        -0.042ns (DCD - SCD + CPR)
    Destination Clock Delay (DCD):    5.026ns = ( 15.026 - 10.000 ) 
    Source Clock Delay      (SCD):    5.327ns
    Clock Pessimism Removal (CPR):    0.259ns
  Clock Uncertainty:      0.035ns  ((TSJ^2 + TIJ^2)^1/2 + DJ) / 2 + PE
    Total System Jitter     (TSJ):    0.071ns
    Total Input Jitter      (TIJ):    0.000ns
    Discrete Jitter          (DJ):    0.000ns
    Phase Error              (PE):    0.000ns

    Location             Delay type                Incr(ns)  Path(ns)    Netlist Resource(s)
  -------------------------------------------------------------------    -------------------
                         (clock sys_clk_pin rise edge)
                                                      0.000     0.000 r  
    E3                                                0.000     0.000 r  clk (IN)
                         net (fo=0)                   0.000     0.000    clk
    E3                   IBUF (Prop_ibuf_I_O)         1.482     1.482 r  clk_IBUF_inst/O
                         net (fo=1, routed)           2.025     3.506    clk_IBUF
    BUFGCTRL_X0Y16       BUFG (Prop_bufg_I_O)         0.096     3.602 r  clk_IBUF_BUFG_inst/O
                         net (fo=189, routed)         1.724     5.327    clk_IBUF_BUFG
    SLICE_X5Y93          FDRE                                         r  s_u_reg[0]/C
  -------------------------------------------------------------------    -------------------
    SLICE_X5Y93          FDRE (Prop_fdre_C_Q)         0.456     5.783 f  s_u_reg[0]/Q
                         net (fo=7, routed)           0.854     6.636    s_u_reg_n_0_[0]
    SLICE_X2Y93          LUT4 (Prop_lut4_I1_O)        0.146     6.782 f  s_t[2]_i_3/O
                         net (fo=6, routed)           0.854     7.636    s_t[2]_i_3_n_0
    SLICE_X3Y91          LUT5 (Prop_lut5_I0_O)        0.356     7.992 f  m_t[3]_i_4/O
                         net (fo=3, routed)           0.646     8.638    m_t[3]_i_4_n_0
    SLICE_X2Y92          LUT5 (Prop_lut5_I4_O)        0.326     8.964 r  m_t[3]_i_1/O
                         net (fo=4, routed)           0.475     9.439    m_t[3]_i_1_n_0
    SLICE_X1Y90          FDRE                                         r  m_t_reg[1]/CE
  -------------------------------------------------------------------    -------------------

                         (clock sys_clk_pin rise edge)
                                                     10.000    10.000 r  
    E3                                                0.000    10.000 r  clk (IN)
                         net (fo=0)                   0.000    10.000    clk
    E3                   IBUF (Prop_ibuf_I_O)         1.411    11.411 r  clk_IBUF_inst/O
                         net (fo=1, routed)           1.920    13.331    clk_IBUF
    BUFGCTRL_X0Y16       BUFG (Prop_bufg_I_O)         0.091    13.422 r  clk_IBUF_BUFG_inst/O
                         net (fo=189, routed)         1.603    15.026    clk_IBUF_BUFG
    SLICE_X1Y90          FDRE                                         r  m_t_reg[1]/C
                         clock pessimism              0.259    15.285    
                         clock uncertainty           -0.035    15.249    
    SLICE_X1Y90          FDRE (Setup_fdre_C_CE)      -0.205    15.044    m_t_reg[1]
  -------------------------------------------------------------------
                         required time                         15.044    
                         arrival time                          -9.439    
  -------------------------------------------------------------------
                         slack                                  5.605    

Slack (MET) :             5.605ns  (required time - arrival time)
  Source:                 s_u_reg[0]/C
                            (rising edge-triggered cell FDRE clocked by sys_clk_pin  {rise@0.000ns fall@5.000ns period=10.000ns})
  Destination:            m_t_reg[2]/CE
                            (rising edge-triggered cell FDRE clocked by sys_clk_pin  {rise@0.000ns fall@5.000ns period=10.000ns})
  Path Group:             sys_clk_pin
  Path Type:              Setup (Max at Slow Process Corner)
  Requirement:            10.000ns  (sys_clk_pin rise@10.000ns - sys_clk_pin rise@0.000ns)
  Data Path Delay:        4.112ns  (logic 1.284ns (31.223%)  route 2.828ns (68.777%))
  Logic Levels:           3  (LUT4=1 LUT5=2)
  Clock Path Skew:        -0.042ns (DCD - SCD + CPR)
    Destination Clock Delay (DCD):    5.026ns = ( 15.026 - 10.000 ) 
    Source Clock Delay      (SCD):    5.327ns
    Clock Pessimism Removal (CPR):    0.259ns
  Clock Uncertainty:      0.035ns  ((TSJ^2 + TIJ^2)^1/2 + DJ) / 2 + PE
    Total System Jitter     (TSJ):    0.071ns
    Total Input Jitter      (TIJ):    0.000ns
    Discrete Jitter          (DJ):    0.000ns
    Phase Error              (PE):    0.000ns

    Location             Delay type                Incr(ns)  Path(ns)    Netlist Resource(s)
  -------------------------------------------------------------------    -------------------
                         (clock sys_clk_pin rise edge)
                                                      0.000     0.000 r  
    E3                                                0.000     0.000 r  clk (IN)
                         net (fo=0)                   0.000     0.000    clk
    E3                   IBUF (Prop_ibuf_I_O)         1.482     1.482 r  clk_IBUF_inst/O
                         net (fo=1, routed)           2.025     3.506    clk_IBUF
    BUFGCTRL_X0Y16       BUFG (Prop_bufg_I_O)         0.096     3.602 r  clk_IBUF_BUFG_inst/O
                         net (fo=189, routed)         1.724     5.327    clk_IBUF_BUFG
    SLICE_X5Y93          FDRE                                         r  s_u_reg[0]/C
  -------------------------------------------------------------------    -------------------
    SLICE_X5Y93          FDRE (Prop_fdre_C_Q)         0.456     5.783 f  s_u_reg[0]/Q
                         net (fo=7, routed)           0.854     6.636    s_u_reg_n_0_[0]
    SLICE_X2Y93          LUT4 (Prop_lut4_I1_O)        0.146     6.782 f  s_t[2]_i_3/O
                         net (fo=6, routed)           0.854     7.636    s_t[2]_i_3_n_0
    SLICE_X3Y91          LUT5 (Prop_lut5_I0_O)        0.356     7.992 f  m_t[3]_i_4/O
                         net (fo=3, routed)           0.646     8.638    m_t[3]_i_4_n_0
    SLICE_X2Y92          LUT5 (Prop_lut5_I4_O)        0.326     8.964 r  m_t[3]_i_1/O
                         net (fo=4, routed)           0.475     9.439    m_t[3]_i_1_n_0
    SLICE_X1Y90          FDRE                                         r  m_t_reg[2]/CE
  -------------------------------------------------------------------    -------------------

                         (clock sys_clk_pin rise edge)
                                                     10.000    10.000 r  
    E3                                                0.000    10.000 r  clk (IN)
                         net (fo=0)                   0.000    10.000    clk
    E3                   IBUF (Prop_ibuf_I_O)         1.411    11.411 r  clk_IBUF_inst/O
                         net (fo=1, routed)           1.920    13.331    clk_IBUF
    BUFGCTRL_X0Y16       BUFG (Prop_bufg_I_O)         0.091    13.422 r  clk_IBUF_BUFG_inst/O
                         net (fo=189, routed)         1.603    15.026    clk_IBUF_BUFG
    SLICE_X1Y90          FDRE                                         r  m_t_reg[2]/C
                         clock pessimism              0.259    15.285    
                         clock uncertainty           -0.035    15.249    
    SLICE_X1Y90          FDRE (Setup_fdre_C_CE)      -0.205    15.044    m_t_reg[2]
  -------------------------------------------------------------------
                         required time                         15.044    
                         arrival time                          -9.439    
  -------------------------------------------------------------------
                         slack                                  5.605    

Slack (MET) :             5.605ns  (required time - arrival time)
  Source:                 s_u_reg[0]/C
                            (rising edge-triggered cell FDRE clocked by sys_clk_pin  {rise@0.000ns fall@5.000ns period=10.000ns})
  Destination:            m_t_reg[3]/CE
                            (rising edge-triggered cell FDRE clocked by sys_clk_pin  {rise@0.000ns fall@5.000ns period=10.000ns})
  Path Group:             sys_clk_pin
  Path Type:              Setup (Max at Slow Process Corner)
  Requirement:            10.000ns  (sys_clk_pin rise@10.000ns - sys_clk_pin rise@0.000ns)
  Data Path Delay:        4.112ns  (logic 1.284ns (31.223%)  route 2.828ns (68.777%))
  Logic Levels:           3  (LUT4=1 LUT5=2)
  Clock Path Skew:        -0.042ns (DCD - SCD + CPR)
    Destination Clock Delay (DCD):    5.026ns = ( 15.026 - 10.000 ) 
    Source Clock Delay      (SCD):    5.327ns
    Clock Pessimism Removal (CPR):    0.259ns
  Clock Uncertainty:      0.035ns  ((TSJ^2 + TIJ^2)^1/2 + DJ) / 2 + PE
    Total System Jitter     (TSJ):    0.071ns
    Total Input Jitter      (TIJ):    0.000ns
    Discrete Jitter          (DJ):    0.000ns
    Phase Error              (PE):    0.000ns

    Location             Delay type                Incr(ns)  Path(ns)    Netlist Resource(s)
  -------------------------------------------------------------------    -------------------
                         (clock sys_clk_pin rise edge)
                                                      0.000     0.000 r  
    E3                                                0.000     0.000 r  clk (IN)
                         net (fo=0)                   0.000     0.000    clk
    E3                   IBUF (Prop_ibuf_I_O)         1.482     1.482 r  clk_IBUF_inst/O
                         net (fo=1, routed)           2.025     3.506    clk_IBUF
    BUFGCTRL_X0Y16       BUFG (Prop_bufg_I_O)         0.096     3.602 r  clk_IBUF_BUFG_inst/O
                         net (fo=189, routed)         1.724     5.327    clk_IBUF_BUFG
    SLICE_X5Y93          FDRE                                         r  s_u_reg[0]/C
  -------------------------------------------------------------------    -------------------
    SLICE_X5Y93          FDRE (Prop_fdre_C_Q)         0.456     5.783 f  s_u_reg[0]/Q
                         net (fo=7, routed)           0.854     6.636    s_u_reg_n_0_[0]
    SLICE_X2Y93          LUT4 (Prop_lut4_I1_O)        0.146     6.782 f  s_t[2]_i_3/O
                         net (fo=6, routed)           0.854     7.636    s_t[2]_i_3_n_0
    SLICE_X3Y91          LUT5 (Prop_lut5_I0_O)        0.356     7.992 f  m_t[3]_i_4/O
                         net (fo=3, routed)           0.646     8.638    m_t[3]_i_4_n_0
    SLICE_X2Y92          LUT5 (Prop_lut5_I4_O)        0.326     8.964 r  m_t[3]_i_1/O
                         net (fo=4, routed)           0.475     9.439    m_t[3]_i_1_n_0
    SLICE_X1Y90          FDRE                                         r  m_t_reg[3]/CE
  -------------------------------------------------------------------    -------------------

                         (clock sys_clk_pin rise edge)
                                                     10.000    10.000 r  
    E3                                                0.000    10.000 r  clk (IN)
                         net (fo=0)                   0.000    10.000    clk
    E3                   IBUF (Prop_ibuf_I_O)         1.411    11.411 r  clk_IBUF_inst/O
                         net (fo=1, routed)           1.920    13.331    clk_IBUF
    BUFGCTRL_X0Y16       BUFG (Prop_bufg_I_O)         0.091    13.422 r  clk_IBUF_BUFG_inst/O
                         net (fo=189, routed)         1.603    15.026    clk_IBUF_BUFG
    SLICE_X1Y90          FDRE                                         r  m_t_reg[3]/C
                         clock pessimism              0.259    15.285    
                         clock uncertainty           -0.035    15.249    
    SLICE_X1Y90          FDRE (Setup_fdre_C_CE)      -0.205    15.044    m_t_reg[3]
  -------------------------------------------------------------------
                         required time                         15.044    
                         arrival time                          -9.439    
  -------------------------------------------------------------------
                         slack                                  5.605    

Slack (MET) :             5.663ns  (required time - arrival time)
  Source:                 h_u_reg[2]/C
                            (rising edge-triggered cell FDRE clocked by sys_clk_pin  {rise@0.000ns fall@5.000ns period=10.000ns})
  Destination:            h_t_reg[0]/R
                            (rising edge-triggered cell FDRE clocked by sys_clk_pin  {rise@0.000ns fall@5.000ns period=10.000ns})
  Path Group:             sys_clk_pin
  Path Type:              Setup (Max at Slow Process Corner)
  Requirement:            10.000ns  (sys_clk_pin rise@10.000ns - sys_clk_pin rise@0.000ns)
  Data Path Delay:        3.848ns  (logic 0.996ns (25.884%)  route 2.852ns (74.116%))
  Logic Levels:           2  (LUT2=1 LUT6=1)
  Clock Path Skew:        -0.025ns (DCD - SCD + CPR)
    Destination Clock Delay (DCD):    5.024ns = ( 15.024 - 10.000 ) 
    Source Clock Delay      (SCD):    5.325ns
    Clock Pessimism Removal (CPR):    0.276ns
  Clock Uncertainty:      0.035ns  ((TSJ^2 + TIJ^2)^1/2 + DJ) / 2 + PE
    Total System Jitter     (TSJ):    0.071ns
    Total Input Jitter      (TIJ):    0.000ns
    Discrete Jitter          (DJ):    0.000ns
    Phase Error              (PE):    0.000ns

    Location             Delay type                Incr(ns)  Path(ns)    Netlist Resource(s)
  -------------------------------------------------------------------    -------------------
                         (clock sys_clk_pin rise edge)
                                                      0.000     0.000 r  
    E3                                                0.000     0.000 r  clk (IN)
                         net (fo=0)                   0.000     0.000    clk
    E3                   IBUF (Prop_ibuf_I_O)         1.482     1.482 r  clk_IBUF_inst/O
                         net (fo=1, routed)           2.025     3.506    clk_IBUF
    BUFGCTRL_X0Y16       BUFG (Prop_bufg_I_O)         0.096     3.602 r  clk_IBUF_BUFG_inst/O
                         net (fo=189, routed)         1.722     5.325    clk_IBUF_BUFG
    SLICE_X6Y89          FDRE                                         r  h_u_reg[2]/C
  -------------------------------------------------------------------    -------------------
    SLICE_X6Y89          FDRE (Prop_fdre_C_Q)         0.518     5.843 f  h_u_reg[2]/Q
                         net (fo=6, routed)           1.913     7.756    h_u_reg_n_0_[2]
    SLICE_X6Y89          LUT2 (Prop_lut2_I0_O)        0.150     7.906 f  h_u[3]_i_4/O
                         net (fo=1, routed)           0.165     8.071    h_u[3]_i_4_n_0
    SLICE_X6Y89          LUT6 (Prop_lut6_I3_O)        0.328     8.399 r  h_u[3]_i_1/O
                         net (fo=8, routed)           0.774     9.173    h_u
    SLICE_X7Y90          FDRE                                         r  h_t_reg[0]/R
  -------------------------------------------------------------------    -------------------

                         (clock sys_clk_pin rise edge)
                                                     10.000    10.000 r  
    E3                                                0.000    10.000 r  clk (IN)
                         net (fo=0)                   0.000    10.000    clk
    E3                   IBUF (Prop_ibuf_I_O)         1.411    11.411 r  clk_IBUF_inst/O
                         net (fo=1, routed)           1.920    13.331    clk_IBUF
    BUFGCTRL_X0Y16       BUFG (Prop_bufg_I_O)         0.091    13.422 r  clk_IBUF_BUFG_inst/O
                         net (fo=189, routed)         1.601    15.024    clk_IBUF_BUFG
    SLICE_X7Y90          FDRE                                         r  h_t_reg[0]/C
                         clock pessimism              0.276    15.300    
                         clock uncertainty           -0.035    15.264    
    SLICE_X7Y90          FDRE (Setup_fdre_C_R)       -0.429    14.835    h_t_reg[0]
  -------------------------------------------------------------------
                         required time                         14.835    
                         arrival time                          -9.173    
  -------------------------------------------------------------------
                         slack                                  5.663    

Slack (MET) :             5.663ns  (required time - arrival time)
  Source:                 h_u_reg[2]/C
                            (rising edge-triggered cell FDRE clocked by sys_clk_pin  {rise@0.000ns fall@5.000ns period=10.000ns})
  Destination:            h_t_reg[1]/R
                            (rising edge-triggered cell FDRE clocked by sys_clk_pin  {rise@0.000ns fall@5.000ns period=10.000ns})
  Path Group:             sys_clk_pin
  Path Type:              Setup (Max at Slow Process Corner)
  Requirement:            10.000ns  (sys_clk_pin rise@10.000ns - sys_clk_pin rise@0.000ns)
  Data Path Delay:        3.848ns  (logic 0.996ns (25.884%)  route 2.852ns (74.116%))
  Logic Levels:           2  (LUT2=1 LUT6=1)
  Clock Path Skew:        -0.025ns (DCD - SCD + CPR)
    Destination Clock Delay (DCD):    5.024ns = ( 15.024 - 10.000 ) 
    Source Clock Delay      (SCD):    5.325ns
    Clock Pessimism Removal (CPR):    0.276ns
  Clock Uncertainty:      0.035ns  ((TSJ^2 + TIJ^2)^1/2 + DJ) / 2 + PE
    Total System Jitter     (TSJ):    0.071ns
    Total Input Jitter      (TIJ):    0.000ns
    Discrete Jitter          (DJ):    0.000ns
    Phase Error              (PE):    0.000ns

    Location             Delay type                Incr(ns)  Path(ns)    Netlist Resource(s)
  -------------------------------------------------------------------    -------------------
                         (clock sys_clk_pin rise edge)
                                                      0.000     0.000 r  
    E3                                                0.000     0.000 r  clk (IN)
                         net (fo=0)                   0.000     0.000    clk
    E3                   IBUF (Prop_ibuf_I_O)         1.482     1.482 r  clk_IBUF_inst/O
                         net (fo=1, routed)           2.025     3.506    clk_IBUF
    BUFGCTRL_X0Y16       BUFG (Prop_bufg_I_O)         0.096     3.602 r  clk_IBUF_BUFG_inst/O
                         net (fo=189, routed)         1.722     5.325    clk_IBUF_BUFG
    SLICE_X6Y89          FDRE                                         r  h_u_reg[2]/C
  -------------------------------------------------------------------    -------------------
    SLICE_X6Y89          FDRE (Prop_fdre_C_Q)         0.518     5.843 f  h_u_reg[2]/Q
                         net (fo=6, routed)           1.913     7.756    h_u_reg_n_0_[2]
    SLICE_X6Y89          LUT2 (Prop_lut2_I0_O)        0.150     7.906 f  h_u[3]_i_4/O
                         net (fo=1, routed)           0.165     8.071    h_u[3]_i_4_n_0
    SLICE_X6Y89          LUT6 (Prop_lut6_I3_O)        0.328     8.399 r  h_u[3]_i_1/O
                         net (fo=8, routed)           0.774     9.173    h_u
    SLICE_X7Y90          FDRE                                         r  h_t_reg[1]/R
  -------------------------------------------------------------------    -------------------

                         (clock sys_clk_pin rise edge)
                                                     10.000    10.000 r  
    E3                                                0.000    10.000 r  clk (IN)
                         net (fo=0)                   0.000    10.000    clk
    E3                   IBUF (Prop_ibuf_I_O)         1.411    11.411 r  clk_IBUF_inst/O
                         net (fo=1, routed)           1.920    13.331    clk_IBUF
    BUFGCTRL_X0Y16       BUFG (Prop_bufg_I_O)         0.091    13.422 r  clk_IBUF_BUFG_inst/O
                         net (fo=189, routed)         1.601    15.024    clk_IBUF_BUFG
    SLICE_X7Y90          FDRE                                         r  h_t_reg[1]/C
                         clock pessimism              0.276    15.300    
                         clock uncertainty           -0.035    15.264    
    SLICE_X7Y90          FDRE (Setup_fdre_C_R)       -0.429    14.835    h_t_reg[1]
  -------------------------------------------------------------------
                         required time                         14.835    
                         arrival time                          -9.173    
  -------------------------------------------------------------------
                         slack                                  5.663    

Slack (MET) :             5.663ns  (required time - arrival time)
  Source:                 h_u_reg[2]/C
                            (rising edge-triggered cell FDRE clocked by sys_clk_pin  {rise@0.000ns fall@5.000ns period=10.000ns})
  Destination:            h_t_reg[2]/R
                            (rising edge-triggered cell FDRE clocked by sys_clk_pin  {rise@0.000ns fall@5.000ns period=10.000ns})
  Path Group:             sys_clk_pin
  Path Type:              Setup (Max at Slow Process Corner)
  Requirement:            10.000ns  (sys_clk_pin rise@10.000ns - sys_clk_pin rise@0.000ns)
  Data Path Delay:        3.848ns  (logic 0.996ns (25.884%)  route 2.852ns (74.116%))
  Logic Levels:           2  (LUT2=1 LUT6=1)
  Clock Path Skew:        -0.025ns (DCD - SCD + CPR)
    Destination Clock Delay (DCD):    5.024ns = ( 15.024 - 10.000 ) 
    Source Clock Delay      (SCD):    5.325ns
    Clock Pessimism Removal (CPR):    0.276ns
  Clock Uncertainty:      0.035ns  ((TSJ^2 + TIJ^2)^1/2 + DJ) / 2 + PE
    Total System Jitter     (TSJ):    0.071ns
    Total Input Jitter      (TIJ):    0.000ns
    Discrete Jitter          (DJ):    0.000ns
    Phase Error              (PE):    0.000ns

    Location             Delay type                Incr(ns)  Path(ns)    Netlist Resource(s)
  -------------------------------------------------------------------    -------------------
                         (clock sys_clk_pin rise edge)
                                                      0.000     0.000 r  
    E3                                                0.000     0.000 r  clk (IN)
                         net (fo=0)                   0.000     0.000    clk
    E3                   IBUF (Prop_ibuf_I_O)         1.482     1.482 r  clk_IBUF_inst/O
                         net (fo=1, routed)           2.025     3.506    clk_IBUF
    BUFGCTRL_X0Y16       BUFG (Prop_bufg_I_O)         0.096     3.602 r  clk_IBUF_BUFG_inst/O
                         net (fo=189, routed)         1.722     5.325    clk_IBUF_BUFG
    SLICE_X6Y89          FDRE                                         r  h_u_reg[2]/C
  -------------------------------------------------------------------    -------------------
    SLICE_X6Y89          FDRE (Prop_fdre_C_Q)         0.518     5.843 f  h_u_reg[2]/Q
                         net (fo=6, routed)           1.913     7.756    h_u_reg_n_0_[2]
    SLICE_X6Y89          LUT2 (Prop_lut2_I0_O)        0.150     7.906 f  h_u[3]_i_4/O
                         net (fo=1, routed)           0.165     8.071    h_u[3]_i_4_n_0
    SLICE_X6Y89          LUT6 (Prop_lut6_I3_O)        0.328     8.399 r  h_u[3]_i_1/O
                         net (fo=8, routed)           0.774     9.173    h_u
    SLICE_X7Y90          FDRE                                         r  h_t_reg[2]/R
  -------------------------------------------------------------------    -------------------

                         (clock sys_clk_pin rise edge)
                                                     10.000    10.000 r  
    E3                                                0.000    10.000 r  clk (IN)
                         net (fo=0)                   0.000    10.000    clk
    E3                   IBUF (Prop_ibuf_I_O)         1.411    11.411 r  clk_IBUF_inst/O
                         net (fo=1, routed)           1.920    13.331    clk_IBUF
    BUFGCTRL_X0Y16       BUFG (Prop_bufg_I_O)         0.091    13.422 r  clk_IBUF_BUFG_inst/O
                         net (fo=189, routed)         1.601    15.024    clk_IBUF_BUFG
    SLICE_X7Y90          FDRE                                         r  h_t_reg[2]/C
                         clock pessimism              0.276    15.300    
                         clock uncertainty           -0.035    15.264    
    SLICE_X7Y90          FDRE (Setup_fdre_C_R)       -0.429    14.835    h_t_reg[2]
  -------------------------------------------------------------------
                         required time                         14.835    
                         arrival time                          -9.173    
  -------------------------------------------------------------------
                         slack                                  5.663    

Slack (MET) :             5.663ns  (required time - arrival time)
  Source:                 h_u_reg[2]/C
                            (rising edge-triggered cell FDRE clocked by sys_clk_pin  {rise@0.000ns fall@5.000ns period=10.000ns})
  Destination:            h_t_reg[3]/R
                            (rising edge-triggered cell FDRE clocked by sys_clk_pin  {rise@0.000ns fall@5.000ns period=10.000ns})
  Path Group:             sys_clk_pin
  Path Type:              Setup (Max at Slow Process Corner)
  Requirement:            10.000ns  (sys_clk_pin rise@10.000ns - sys_clk_pin rise@0.000ns)
  Data Path Delay:        3.848ns  (logic 0.996ns (25.884%)  route 2.852ns (74.116%))
  Logic Levels:           2  (LUT2=1 LUT6=1)
  Clock Path Skew:        -0.025ns (DCD - SCD + CPR)
    Destination Clock Delay (DCD):    5.024ns = ( 15.024 - 10.000 ) 
    Source Clock Delay      (SCD):    5.325ns
    Clock Pessimism Removal (CPR):    0.276ns
  Clock Uncertainty:      0.035ns  ((TSJ^2 + TIJ^2)^1/2 + DJ) / 2 + PE
    Total System Jitter     (TSJ):    0.071ns
    Total Input Jitter      (TIJ):    0.000ns
    Discrete Jitter          (DJ):    0.000ns
    Phase Error              (PE):    0.000ns

    Location             Delay type                Incr(ns)  Path(ns)    Netlist Resource(s)
  -------------------------------------------------------------------    -------------------
                         (clock sys_clk_pin rise edge)
                                                      0.000     0.000 r  
    E3                                                0.000     0.000 r  clk (IN)
                         net (fo=0)                   0.000     0.000    clk
    E3                   IBUF (Prop_ibuf_I_O)         1.482     1.482 r  clk_IBUF_inst/O
                         net (fo=1, routed)           2.025     3.506    clk_IBUF
    BUFGCTRL_X0Y16       BUFG (Prop_bufg_I_O)         0.096     3.602 r  clk_IBUF_BUFG_inst/O
                         net (fo=189, routed)         1.722     5.325    clk_IBUF_BUFG
    SLICE_X6Y89          FDRE                                         r  h_u_reg[2]/C
  -------------------------------------------------------------------    -------------------
    SLICE_X6Y89          FDRE (Prop_fdre_C_Q)         0.518     5.843 f  h_u_reg[2]/Q
                         net (fo=6, routed)           1.913     7.756    h_u_reg_n_0_[2]
    SLICE_X6Y89          LUT2 (Prop_lut2_I0_O)        0.150     7.906 f  h_u[3]_i_4/O
                         net (fo=1, routed)           0.165     8.071    h_u[3]_i_4_n_0
    SLICE_X6Y89          LUT6 (Prop_lut6_I3_O)        0.328     8.399 r  h_u[3]_i_1/O
                         net (fo=8, routed)           0.774     9.173    h_u
    SLICE_X7Y90          FDRE                                         r  h_t_reg[3]/R
  -------------------------------------------------------------------    -------------------

                         (clock sys_clk_pin rise edge)
                                                     10.000    10.000 r  
    E3                                                0.000    10.000 r  clk (IN)
                         net (fo=0)                   0.000    10.000    clk
    E3                   IBUF (Prop_ibuf_I_O)         1.411    11.411 r  clk_IBUF_inst/O
                         net (fo=1, routed)           1.920    13.331    clk_IBUF
    BUFGCTRL_X0Y16       BUFG (Prop_bufg_I_O)         0.091    13.422 r  clk_IBUF_BUFG_inst/O
                         net (fo=189, routed)         1.601    15.024    clk_IBUF_BUFG
    SLICE_X7Y90          FDRE                                         r  h_t_reg[3]/C
                         clock pessimism              0.276    15.300    
                         clock uncertainty           -0.035    15.264    
    SLICE_X7Y90          FDRE (Setup_fdre_C_R)       -0.429    14.835    h_t_reg[3]
  -------------------------------------------------------------------
                         required time                         14.835    
                         arrival time                          -9.173    
  -------------------------------------------------------------------
                         slack                                  5.663    

Slack (MET) :             5.723ns  (required time - arrival time)
  Source:                 g_u_reg[1]/C
                            (rising edge-triggered cell FDRE clocked by sys_clk_pin  {rise@0.000ns fall@5.000ns period=10.000ns})
  Destination:            g_t_reg[0]/R
                            (rising edge-triggered cell FDRE clocked by sys_clk_pin  {rise@0.000ns fall@5.000ns period=10.000ns})
  Path Group:             sys_clk_pin
  Path Type:              Setup (Max at Slow Process Corner)
  Requirement:            10.000ns  (sys_clk_pin rise@10.000ns - sys_clk_pin rise@0.000ns)
  Data Path Delay:        3.678ns  (logic 0.704ns (19.141%)  route 2.974ns (80.859%))
  Logic Levels:           2  (LUT2=1 LUT6=1)
  Clock Path Skew:        -0.040ns (DCD - SCD + CPR)
    Destination Clock Delay (DCD):    5.026ns = ( 15.026 - 10.000 ) 
    Source Clock Delay      (SCD):    5.325ns
    Clock Pessimism Removal (CPR):    0.259ns
  Clock Uncertainty:      0.035ns  ((TSJ^2 + TIJ^2)^1/2 + DJ) / 2 + PE
    Total System Jitter     (TSJ):    0.071ns
    Total Input Jitter      (TIJ):    0.000ns
    Discrete Jitter          (DJ):    0.000ns
    Phase Error              (PE):    0.000ns

    Location             Delay type                Incr(ns)  Path(ns)    Netlist Resource(s)
  -------------------------------------------------------------------    -------------------
                         (clock sys_clk_pin rise edge)
                                                      0.000     0.000 r  
    E3                                                0.000     0.000 r  clk (IN)
                         net (fo=0)                   0.000     0.000    clk
    E3                   IBUF (Prop_ibuf_I_O)         1.482     1.482 r  clk_IBUF_inst/O
                         net (fo=1, routed)           2.025     3.506    clk_IBUF
    BUFGCTRL_X0Y16       BUFG (Prop_bufg_I_O)         0.096     3.602 r  clk_IBUF_BUFG_inst/O
                         net (fo=189, routed)         1.722     5.325    clk_IBUF_BUFG
    SLICE_X7Y89          FDRE                                         r  g_u_reg[1]/C
  -------------------------------------------------------------------    -------------------
    SLICE_X7Y89          FDRE (Prop_fdre_C_Q)         0.456     5.781 f  g_u_reg[1]/Q
                         net (fo=6, routed)           1.945     7.725    g_u_reg_n_0_[1]
    SLICE_X7Y89          LUT2 (Prop_lut2_I1_O)        0.124     7.849 f  g_u[3]_i_4/O
                         net (fo=1, routed)           0.296     8.145    g_u[3]_i_4_n_0
    SLICE_X7Y90          LUT6 (Prop_lut6_I3_O)        0.124     8.269 r  g_u[3]_i_1/O
                         net (fo=8, routed)           0.733     9.003    g_u
    SLICE_X2Y90          FDRE                                         r  g_t_reg[0]/R
  -------------------------------------------------------------------    -------------------

                         (clock sys_clk_pin rise edge)
                                                     10.000    10.000 r  
    E3                                                0.000    10.000 r  clk (IN)
                         net (fo=0)                   0.000    10.000    clk
    E3                   IBUF (Prop_ibuf_I_O)         1.411    11.411 r  clk_IBUF_inst/O
                         net (fo=1, routed)           1.920    13.331    clk_IBUF
    BUFGCTRL_X0Y16       BUFG (Prop_bufg_I_O)         0.091    13.422 r  clk_IBUF_BUFG_inst/O
                         net (fo=189, routed)         1.603    15.026    clk_IBUF_BUFG
    SLICE_X2Y90          FDRE                                         r  g_t_reg[0]/C
                         clock pessimism              0.259    15.285    
                         clock uncertainty           -0.035    15.249    
    SLICE_X2Y90          FDRE (Setup_fdre_C_R)       -0.524    14.725    g_t_reg[0]
  -------------------------------------------------------------------
                         required time                         14.725    
                         arrival time                          -9.003    
  -------------------------------------------------------------------
                         slack                                  5.723    





Min Delay Paths
--------------------------------------------------------------------------------------
Slack (MET) :             0.151ns  (arrival time - required time)
  Source:                 st_H_reg/C
                            (rising edge-triggered cell FDRE clocked by sys_clk_pin  {rise@0.000ns fall@5.000ns period=10.000ns})
  Destination:            pBtnH_reg/D
                            (rising edge-triggered cell FDRE clocked by sys_clk_pin  {rise@0.000ns fall@5.000ns period=10.000ns})
  Path Group:             sys_clk_pin
  Path Type:              Hold (Min at Fast Process Corner)
  Requirement:            0.000ns  (sys_clk_pin rise@0.000ns - sys_clk_pin rise@0.000ns)
  Data Path Delay:        0.284ns  (logic 0.186ns (65.445%)  route 0.098ns (34.555%))
  Logic Levels:           1  (LUT3=1)
  Clock Path Skew:        0.013ns (DCD - SCD - CPR)
    Destination Clock Delay (DCD):    2.010ns
    Source Clock Delay      (SCD):    1.493ns
    Clock Pessimism Removal (CPR):    0.503ns

    Location             Delay type                Incr(ns)  Path(ns)    Netlist Resource(s)
  -------------------------------------------------------------------    -------------------
                         (clock sys_clk_pin rise edge)
                                                      0.000     0.000 r  
    E3                                                0.000     0.000 r  clk (IN)
                         net (fo=0)                   0.000     0.000    clk
    E3                   IBUF (Prop_ibuf_I_O)         0.250     0.250 r  clk_IBUF_inst/O
                         net (fo=1, routed)           0.644     0.894    clk_IBUF
    BUFGCTRL_X0Y16       BUFG (Prop_bufg_I_O)         0.026     0.920 r  clk_IBUF_BUFG_inst/O
                         net (fo=189, routed)         0.574     1.493    clk_IBUF_BUFG
    SLICE_X9Y92          FDRE                                         r  st_H_reg/C
  -------------------------------------------------------------------    -------------------
    SLICE_X9Y92          FDRE (Prop_fdre_C_Q)         0.141     1.634 f  st_H_reg/Q
                         net (fo=2, routed)           0.098     1.733    st_H_reg_n_0
    SLICE_X8Y92          LUT3 (Prop_lut3_I0_O)        0.045     1.778 r  pBtnH_i_1/O
                         net (fo=1, routed)           0.000     1.778    pBtnH_i_1_n_0
    SLICE_X8Y92          FDRE                                         r  pBtnH_reg/D
  -------------------------------------------------------------------    -------------------

                         (clock sys_clk_pin rise edge)
                                                      0.000     0.000 r  
    E3                                                0.000     0.000 r  clk (IN)
                         net (fo=0)                   0.000     0.000    clk
    E3                   IBUF (Prop_ibuf_I_O)         0.438     0.438 r  clk_IBUF_inst/O
                         net (fo=1, routed)           0.699     1.136    clk_IBUF
    BUFGCTRL_X0Y16       BUFG (Prop_bufg_I_O)         0.029     1.165 r  clk_IBUF_BUFG_inst/O
                         net (fo=189, routed)         0.845     2.010    clk_IBUF_BUFG
    SLICE_X8Y92          FDRE                                         r  pBtnH_reg/C
                         clock pessimism             -0.503     1.506    
    SLICE_X8Y92          FDRE (Hold_fdre_C_D)         0.120     1.626    pBtnH_reg
  -------------------------------------------------------------------
                         required time                         -1.626    
                         arrival time                           1.778    
  -------------------------------------------------------------------
                         slack                                  0.151    

Slack (MET) :             0.211ns  (arrival time - required time)
  Source:                 g_t_reg[0]/C
                            (rising edge-triggered cell FDRE clocked by sys_clk_pin  {rise@0.000ns fall@5.000ns period=10.000ns})
  Destination:            g_t_reg[2]/D
                            (rising edge-triggered cell FDRE clocked by sys_clk_pin  {rise@0.000ns fall@5.000ns period=10.000ns})
  Path Group:             sys_clk_pin
  Path Type:              Hold (Min at Fast Process Corner)
  Requirement:            0.000ns  (sys_clk_pin rise@0.000ns - sys_clk_pin rise@0.000ns)
  Data Path Delay:        0.331ns  (logic 0.215ns (64.867%)  route 0.116ns (35.133%))
  Logic Levels:           1  (LUT3=1)
  Clock Path Skew:        0.013ns (DCD - SCD - CPR)
    Destination Clock Delay (DCD):    2.041ns
    Source Clock Delay      (SCD):    1.522ns
    Clock Pessimism Removal (CPR):    0.505ns

    Location             Delay type                Incr(ns)  Path(ns)    Netlist Resource(s)
  -------------------------------------------------------------------    -------------------
                         (clock sys_clk_pin rise edge)
                                                      0.000     0.000 r  
    E3                                                0.000     0.000 r  clk (IN)
                         net (fo=0)                   0.000     0.000    clk
    E3                   IBUF (Prop_ibuf_I_O)         0.250     0.250 r  clk_IBUF_inst/O
                         net (fo=1, routed)           0.644     0.894    clk_IBUF
    BUFGCTRL_X0Y16       BUFG (Prop_bufg_I_O)         0.026     0.920 r  clk_IBUF_BUFG_inst/O
                         net (fo=189, routed)         0.603     1.522    clk_IBUF_BUFG
    SLICE_X2Y90          FDRE                                         r  g_t_reg[0]/C
  -------------------------------------------------------------------    -------------------
    SLICE_X2Y90          FDRE (Prop_fdre_C_Q)         0.164     1.686 r  g_t_reg[0]/Q
                         net (fo=6, routed)           0.116     1.803    g_t_reg[0]
    SLICE_X3Y90          LUT3 (Prop_lut3_I0_O)        0.051     1.854 r  g_t[2]_i_1/O
                         net (fo=1, routed)           0.000     1.854    plusOp[2]
    SLICE_X3Y90          FDRE                                         r  g_t_reg[2]/D
  -------------------------------------------------------------------    -------------------

                         (clock sys_clk_pin rise edge)
                                                      0.000     0.000 r  
    E3                                                0.000     0.000 r  clk (IN)
                         net (fo=0)                   0.000     0.000    clk
    E3                   IBUF (Prop_ibuf_I_O)         0.438     0.438 r  clk_IBUF_inst/O
                         net (fo=1, routed)           0.699     1.136    clk_IBUF
    BUFGCTRL_X0Y16       BUFG (Prop_bufg_I_O)         0.029     1.165 r  clk_IBUF_BUFG_inst/O
                         net (fo=189, routed)         0.876     2.041    clk_IBUF_BUFG
    SLICE_X3Y90          FDRE                                         r  g_t_reg[2]/C
                         clock pessimism             -0.505     1.535    
    SLICE_X3Y90          FDRE (Hold_fdre_C_D)         0.107     1.642    g_t_reg[2]
  -------------------------------------------------------------------
                         required time                         -1.642    
                         arrival time                           1.854    
  -------------------------------------------------------------------
                         slack                                  0.211    

Slack (MET) :             0.220ns  (arrival time - required time)
  Source:                 g_t_reg[0]/C
                            (rising edge-triggered cell FDRE clocked by sys_clk_pin  {rise@0.000ns fall@5.000ns period=10.000ns})
  Destination:            g_t_reg[1]/D
                            (rising edge-triggered cell FDRE clocked by sys_clk_pin  {rise@0.000ns fall@5.000ns period=10.000ns})
  Path Group:             sys_clk_pin
  Path Type:              Hold (Min at Fast Process Corner)
  Requirement:            0.000ns  (sys_clk_pin rise@0.000ns - sys_clk_pin rise@0.000ns)
  Data Path Delay:        0.325ns  (logic 0.209ns (64.219%)  route 0.116ns (35.781%))
  Logic Levels:           1  (LUT2=1)
  Clock Path Skew:        0.013ns (DCD - SCD - CPR)
    Destination Clock Delay (DCD):    2.041ns
    Source Clock Delay      (SCD):    1.522ns
    Clock Pessimism Removal (CPR):    0.505ns

    Location             Delay type                Incr(ns)  Path(ns)    Netlist Resource(s)
  -------------------------------------------------------------------    -------------------
                         (clock sys_clk_pin rise edge)
                                                      0.000     0.000 r  
    E3                                                0.000     0.000 r  clk (IN)
                         net (fo=0)                   0.000     0.000    clk
    E3                   IBUF (Prop_ibuf_I_O)         0.250     0.250 r  clk_IBUF_inst/O
                         net (fo=1, routed)           0.644     0.894    clk_IBUF
    BUFGCTRL_X0Y16       BUFG (Prop_bufg_I_O)         0.026     0.920 r  clk_IBUF_BUFG_inst/O
                         net (fo=189, routed)         0.603     1.522    clk_IBUF_BUFG
    SLICE_X2Y90          FDRE                                         r  g_t_reg[0]/C
  -------------------------------------------------------------------    -------------------
    SLICE_X2Y90          FDRE (Prop_fdre_C_Q)         0.164     1.686 r  g_t_reg[0]/Q
                         net (fo=6, routed)           0.116     1.803    g_t_reg[0]
    SLICE_X3Y90          LUT2 (Prop_lut2_I0_O)        0.045     1.848 r  g_t[1]_i_1/O
                         net (fo=1, routed)           0.000     1.848    plusOp[1]
    SLICE_X3Y90          FDRE                                         r  g_t_reg[1]/D
  -------------------------------------------------------------------    -------------------

                         (clock sys_clk_pin rise edge)
                                                      0.000     0.000 r  
    E3                                                0.000     0.000 r  clk (IN)
                         net (fo=0)                   0.000     0.000    clk
    E3                   IBUF (Prop_ibuf_I_O)         0.438     0.438 r  clk_IBUF_inst/O
                         net (fo=1, routed)           0.699     1.136    clk_IBUF
    BUFGCTRL_X0Y16       BUFG (Prop_bufg_I_O)         0.029     1.165 r  clk_IBUF_BUFG_inst/O
                         net (fo=189, routed)         0.876     2.041    clk_IBUF_BUFG
    SLICE_X3Y90          FDRE                                         r  g_t_reg[1]/C
                         clock pessimism             -0.505     1.535    
    SLICE_X3Y90          FDRE (Hold_fdre_C_D)         0.092     1.627    g_t_reg[1]
  -------------------------------------------------------------------
                         required time                         -1.627    
                         arrival time                           1.848    
  -------------------------------------------------------------------
                         slack                                  0.220    

Slack (MET) :             0.225ns  (arrival time - required time)
  Source:                 st_rH_reg/C
                            (rising edge-triggered cell FDRE clocked by sys_clk_pin  {rise@0.000ns fall@5.000ns period=10.000ns})
  Destination:            pRstH_reg/D
                            (rising edge-triggered cell FDRE clocked by sys_clk_pin  {rise@0.000ns fall@5.000ns period=10.000ns})
  Path Group:             sys_clk_pin
  Path Type:              Hold (Min at Fast Process Corner)
  Requirement:            0.000ns  (sys_clk_pin rise@0.000ns - sys_clk_pin rise@0.000ns)
  Data Path Delay:        0.357ns  (logic 0.186ns (52.123%)  route 0.171ns (47.877%))
  Logic Levels:           1  (LUT3=1)
  Clock Path Skew:        0.040ns (DCD - SCD - CPR)
    Destination Clock Delay (DCD):    2.040ns
    Source Clock Delay      (SCD):    1.520ns
    Clock Pessimism Removal (CPR):    0.479ns

    Location             Delay type                Incr(ns)  Path(ns)    Netlist Resource(s)
  -------------------------------------------------------------------    -------------------
                         (clock sys_clk_pin rise edge)
                                                      0.000     0.000 r  
    E3                                                0.000     0.000 r  clk (IN)
                         net (fo=0)                   0.000     0.000    clk
    E3                   IBUF (Prop_ibuf_I_O)         0.250     0.250 r  clk_IBUF_inst/O
                         net (fo=1, routed)           0.644     0.894    clk_IBUF
    BUFGCTRL_X0Y16       BUFG (Prop_bufg_I_O)         0.026     0.920 r  clk_IBUF_BUFG_inst/O
                         net (fo=189, routed)         0.601     1.520    clk_IBUF_BUFG
    SLICE_X4Y88          FDRE                                         r  st_rH_reg/C
  -------------------------------------------------------------------    -------------------
    SLICE_X4Y88          FDRE (Prop_fdre_C_Q)         0.141     1.661 f  st_rH_reg/Q
                         net (fo=2, routed)           0.171     1.832    st_rH_reg_n_0
    SLICE_X1Y89          LUT3 (Prop_lut3_I0_O)        0.045     1.877 r  pRstH_i_1/O
                         net (fo=1, routed)           0.000     1.877    pRstH_i_1_n_0
    SLICE_X1Y89          FDRE                                         r  pRstH_reg/D
  -------------------------------------------------------------------    -------------------

                         (clock sys_clk_pin rise edge)
                                                      0.000     0.000 r  
    E3                                                0.000     0.000 r  clk (IN)
                         net (fo=0)                   0.000     0.000    clk
    E3                   IBUF (Prop_ibuf_I_O)         0.438     0.438 r  clk_IBUF_inst/O
                         net (fo=1, routed)           0.699     1.136    clk_IBUF
    BUFGCTRL_X0Y16       BUFG (Prop_bufg_I_O)         0.029     1.165 r  clk_IBUF_BUFG_inst/O
                         net (fo=189, routed)         0.875     2.040    clk_IBUF_BUFG
    SLICE_X1Y89          FDRE                                         r  pRstH_reg/C
                         clock pessimism             -0.479     1.560    
    SLICE_X1Y89          FDRE (Hold_fdre_C_D)         0.092     1.652    pRstH_reg
  -------------------------------------------------------------------
                         required time                         -1.652    
                         arrival time                           1.877    
  -------------------------------------------------------------------
                         slack                                  0.225    

Slack (MET) :             0.227ns  (arrival time - required time)
  Source:                 m_u_reg[2]/C
                            (rising edge-triggered cell FDRE clocked by sys_clk_pin  {rise@0.000ns fall@5.000ns period=10.000ns})
  Destination:            m_u_reg[2]/D
                            (rising edge-triggered cell FDRE clocked by sys_clk_pin  {rise@0.000ns fall@5.000ns period=10.000ns})
  Path Group:             sys_clk_pin
  Path Type:              Hold (Min at Fast Process Corner)
  Requirement:            0.000ns  (sys_clk_pin rise@0.000ns - sys_clk_pin rise@0.000ns)
  Data Path Delay:        0.348ns  (logic 0.209ns (60.107%)  route 0.139ns (39.893%))
  Logic Levels:           1  (LUT6=1)
  Clock Path Skew:        0.000ns (DCD - SCD - CPR)
    Destination Clock Delay (DCD):    2.041ns
    Source Clock Delay      (SCD):    1.522ns
    Clock Pessimism Removal (CPR):    0.518ns

    Location             Delay type                Incr(ns)  Path(ns)    Netlist Resource(s)
  -------------------------------------------------------------------    -------------------
                         (clock sys_clk_pin rise edge)
                                                      0.000     0.000 r  
    E3                                                0.000     0.000 r  clk (IN)
                         net (fo=0)                   0.000     0.000    clk
    E3                   IBUF (Prop_ibuf_I_O)         0.250     0.250 r  clk_IBUF_inst/O
                         net (fo=1, routed)           0.644     0.894    clk_IBUF
    BUFGCTRL_X0Y16       BUFG (Prop_bufg_I_O)         0.026     0.920 r  clk_IBUF_BUFG_inst/O
                         net (fo=189, routed)         0.603     1.522    clk_IBUF_BUFG
    SLICE_X2Y91          FDRE                                         r  m_u_reg[2]/C
  -------------------------------------------------------------------    -------------------
    SLICE_X2Y91          FDRE (Prop_fdre_C_Q)         0.164     1.686 r  m_u_reg[2]/Q
                         net (fo=5, routed)           0.139     1.825    m_u_reg_n_0_[2]
    SLICE_X2Y91          LUT6 (Prop_lut6_I0_O)        0.045     1.870 r  m_u[2]_i_1/O
                         net (fo=1, routed)           0.000     1.870    m_u[2]_i_1_n_0
    SLICE_X2Y91          FDRE                                         r  m_u_reg[2]/D
  -------------------------------------------------------------------    -------------------

                         (clock sys_clk_pin rise edge)
                                                      0.000     0.000 r  
    E3                                                0.000     0.000 r  clk (IN)
                         net (fo=0)                   0.000     0.000    clk
    E3                   IBUF (Prop_ibuf_I_O)         0.438     0.438 r  clk_IBUF_inst/O
                         net (fo=1, routed)           0.699     1.136    clk_IBUF
    BUFGCTRL_X0Y16       BUFG (Prop_bufg_I_O)         0.029     1.165 r  clk_IBUF_BUFG_inst/O
                         net (fo=189, routed)         0.876     2.041    clk_IBUF_BUFG
    SLICE_X2Y91          FDRE                                         r  m_u_reg[2]/C
                         clock pessimism             -0.518     1.522    
    SLICE_X2Y91          FDRE (Hold_fdre_C_D)         0.121     1.643    m_u_reg[2]
  -------------------------------------------------------------------
                         required time                         -1.643    
                         arrival time                           1.870    
  -------------------------------------------------------------------
                         slack                                  0.227    

Slack (MET) :             0.227ns  (arrival time - required time)
  Source:                 st_G_reg/C
                            (rising edge-triggered cell FDRE clocked by sys_clk_pin  {rise@0.000ns fall@5.000ns period=10.000ns})
  Destination:            pBtnG_reg/D
                            (rising edge-triggered cell FDRE clocked by sys_clk_pin  {rise@0.000ns fall@5.000ns period=10.000ns})
  Path Group:             sys_clk_pin
  Path Type:              Hold (Min at Fast Process Corner)
  Requirement:            0.000ns  (sys_clk_pin rise@0.000ns - sys_clk_pin rise@0.000ns)
  Data Path Delay:        0.333ns  (logic 0.186ns (55.810%)  route 0.147ns (44.190%))
  Logic Levels:           1  (LUT3=1)
  Clock Path Skew:        0.015ns (DCD - SCD - CPR)
    Destination Clock Delay (DCD):    2.038ns
    Source Clock Delay      (SCD):    1.522ns
    Clock Pessimism Removal (CPR):    0.500ns

    Location             Delay type                Incr(ns)  Path(ns)    Netlist Resource(s)
  -------------------------------------------------------------------    -------------------
                         (clock sys_clk_pin rise edge)
                                                      0.000     0.000 r  
    E3                                                0.000     0.000 r  clk (IN)
                         net (fo=0)                   0.000     0.000    clk
    E3                   IBUF (Prop_ibuf_I_O)         0.250     0.250 r  clk_IBUF_inst/O
                         net (fo=1, routed)           0.644     0.894    clk_IBUF
    BUFGCTRL_X0Y16       BUFG (Prop_bufg_I_O)         0.026     0.920 r  clk_IBUF_BUFG_inst/O
                         net (fo=189, routed)         0.603     1.522    clk_IBUF_BUFG
    SLICE_X7Y93          FDRE                                         r  st_G_reg/C
  -------------------------------------------------------------------    -------------------
    SLICE_X7Y93          FDRE (Prop_fdre_C_Q)         0.141     1.663 f  st_G_reg/Q
                         net (fo=2, routed)           0.147     1.811    st_G_reg_n_0
    SLICE_X7Y92          LUT3 (Prop_lut3_I0_O)        0.045     1.856 r  pBtnG_i_1/O
                         net (fo=1, routed)           0.000     1.856    pBtnG_i_1_n_0
    SLICE_X7Y92          FDRE                                         r  pBtnG_reg/D
  -------------------------------------------------------------------    -------------------

                         (clock sys_clk_pin rise edge)
                                                      0.000     0.000 r  
    E3                                                0.000     0.000 r  clk (IN)
                         net (fo=0)                   0.000     0.000    clk
    E3                   IBUF (Prop_ibuf_I_O)         0.438     0.438 r  clk_IBUF_inst/O
                         net (fo=1, routed)           0.699     1.136    clk_IBUF
    BUFGCTRL_X0Y16       BUFG (Prop_bufg_I_O)         0.029     1.165 r  clk_IBUF_BUFG_inst/O
                         net (fo=189, routed)         0.873     2.038    clk_IBUF_BUFG
    SLICE_X7Y92          FDRE                                         r  pBtnG_reg/C
                         clock pessimism             -0.500     1.537    
    SLICE_X7Y92          FDRE (Hold_fdre_C_D)         0.091     1.628    pBtnG_reg
  -------------------------------------------------------------------
                         required time                         -1.628    
                         arrival time                           1.856    
  -------------------------------------------------------------------
                         slack                                  0.227    

Slack (MET) :             0.249ns  (arrival time - required time)
  Source:                 s_t_reg[0]/C
                            (rising edge-triggered cell FDRE clocked by sys_clk_pin  {rise@0.000ns fall@5.000ns period=10.000ns})
  Destination:            s_t_reg[0]/D
                            (rising edge-triggered cell FDRE clocked by sys_clk_pin  {rise@0.000ns fall@5.000ns period=10.000ns})
  Path Group:             sys_clk_pin
  Path Type:              Hold (Min at Fast Process Corner)
  Requirement:            0.000ns  (sys_clk_pin rise@0.000ns - sys_clk_pin rise@0.000ns)
  Data Path Delay:        0.341ns  (logic 0.186ns (54.623%)  route 0.155ns (45.377%))
  Logic Levels:           1  (LUT5=1)
  Clock Path Skew:        0.000ns (DCD - SCD - CPR)
    Destination Clock Delay (DCD):    2.041ns
    Source Clock Delay      (SCD):    1.522ns
    Clock Pessimism Removal (CPR):    0.518ns

    Location             Delay type                Incr(ns)  Path(ns)    Netlist Resource(s)
  -------------------------------------------------------------------    -------------------
                         (clock sys_clk_pin rise edge)
                                                      0.000     0.000 r  
    E3                                                0.000     0.000 r  clk (IN)
                         net (fo=0)                   0.000     0.000    clk
    E3                   IBUF (Prop_ibuf_I_O)         0.250     0.250 r  clk_IBUF_inst/O
                         net (fo=1, routed)           0.644     0.894    clk_IBUF
    BUFGCTRL_X0Y16       BUFG (Prop_bufg_I_O)         0.026     0.920 r  clk_IBUF_BUFG_inst/O
                         net (fo=189, routed)         0.603     1.522    clk_IBUF_BUFG
    SLICE_X3Y92          FDRE                                         r  s_t_reg[0]/C
  -------------------------------------------------------------------    -------------------
    SLICE_X3Y92          FDRE (Prop_fdre_C_Q)         0.141     1.663 r  s_t_reg[0]/Q
                         net (fo=7, routed)           0.155     1.818    s_t_reg_n_0_[0]
    SLICE_X3Y92          LUT5 (Prop_lut5_I4_O)        0.045     1.863 r  s_t[0]_i_1/O
                         net (fo=1, routed)           0.000     1.863    s_t[0]_i_1_n_0
    SLICE_X3Y92          FDRE                                         r  s_t_reg[0]/D
  -------------------------------------------------------------------    -------------------

                         (clock sys_clk_pin rise edge)
                                                      0.000     0.000 r  
    E3                                                0.000     0.000 r  clk (IN)
                         net (fo=0)                   0.000     0.000    clk
    E3                   IBUF (Prop_ibuf_I_O)         0.438     0.438 r  clk_IBUF_inst/O
                         net (fo=1, routed)           0.699     1.136    clk_IBUF
    BUFGCTRL_X0Y16       BUFG (Prop_bufg_I_O)         0.029     1.165 r  clk_IBUF_BUFG_inst/O
                         net (fo=189, routed)         0.876     2.041    clk_IBUF_BUFG
    SLICE_X3Y92          FDRE                                         r  s_t_reg[0]/C
                         clock pessimism             -0.518     1.522    
    SLICE_X3Y92          FDRE (Hold_fdre_C_D)         0.092     1.614    s_t_reg[0]
  -------------------------------------------------------------------
                         required time                         -1.614    
                         arrival time                           1.863    
  -------------------------------------------------------------------
                         slack                                  0.249    

Slack (MET) :             0.249ns  (arrival time - required time)
  Source:                 m_u_reg[0]/C
                            (rising edge-triggered cell FDRE clocked by sys_clk_pin  {rise@0.000ns fall@5.000ns period=10.000ns})
  Destination:            m_u_reg[3]/D
                            (rising edge-triggered cell FDRE clocked by sys_clk_pin  {rise@0.000ns fall@5.000ns period=10.000ns})
  Path Group:             sys_clk_pin
  Path Type:              Hold (Min at Fast Process Corner)
  Requirement:            0.000ns  (sys_clk_pin rise@0.000ns - sys_clk_pin rise@0.000ns)
  Data Path Delay:        0.356ns  (logic 0.186ns (52.313%)  route 0.170ns (47.687%))
  Logic Levels:           1  (LUT6=1)
  Clock Path Skew:        0.016ns (DCD - SCD - CPR)
    Destination Clock Delay (DCD):    2.041ns
    Source Clock Delay      (SCD):    1.522ns
    Clock Pessimism Removal (CPR):    0.502ns

    Location             Delay type                Incr(ns)  Path(ns)    Netlist Resource(s)
  -------------------------------------------------------------------    -------------------
                         (clock sys_clk_pin rise edge)
                                                      0.000     0.000 r  
    E3                                                0.000     0.000 r  clk (IN)
                         net (fo=0)                   0.000     0.000    clk
    E3                   IBUF (Prop_ibuf_I_O)         0.250     0.250 r  clk_IBUF_inst/O
                         net (fo=1, routed)           0.644     0.894    clk_IBUF
    BUFGCTRL_X0Y16       BUFG (Prop_bufg_I_O)         0.026     0.920 r  clk_IBUF_BUFG_inst/O
                         net (fo=189, routed)         0.603     1.522    clk_IBUF_BUFG
    SLICE_X3Y92          FDRE                                         r  m_u_reg[0]/C
  -------------------------------------------------------------------    -------------------
    SLICE_X3Y92          FDRE (Prop_fdre_C_Q)         0.141     1.663 r  m_u_reg[0]/Q
                         net (fo=7, routed)           0.170     1.833    m_u_reg_n_0_[0]
    SLICE_X1Y92          LUT6 (Prop_lut6_I2_O)        0.045     1.878 r  m_u[3]_i_1/O
                         net (fo=1, routed)           0.000     1.878    m_u[3]_i_1_n_0
    SLICE_X1Y92          FDRE                                         r  m_u_reg[3]/D
  -------------------------------------------------------------------    -------------------

                         (clock sys_clk_pin rise edge)
                                                      0.000     0.000 r  
    E3                                                0.000     0.000 r  clk (IN)
                         net (fo=0)                   0.000     0.000    clk
    E3                   IBUF (Prop_ibuf_I_O)         0.438     0.438 r  clk_IBUF_inst/O
                         net (fo=1, routed)           0.699     1.136    clk_IBUF
    BUFGCTRL_X0Y16       BUFG (Prop_bufg_I_O)         0.029     1.165 r  clk_IBUF_BUFG_inst/O
                         net (fo=189, routed)         0.876     2.041    clk_IBUF_BUFG
    SLICE_X1Y92          FDRE                                         r  m_u_reg[3]/C
                         clock pessimism             -0.502     1.538    
    SLICE_X1Y92          FDRE (Hold_fdre_C_D)         0.091     1.629    m_u_reg[3]
  -------------------------------------------------------------------
                         required time                         -1.629    
                         arrival time                           1.878    
  -------------------------------------------------------------------
                         slack                                  0.249    

Slack (MET) :             0.249ns  (arrival time - required time)
  Source:                 m_u_reg[0]/C
                            (rising edge-triggered cell FDRE clocked by sys_clk_pin  {rise@0.000ns fall@5.000ns period=10.000ns})
  Destination:            m_u_reg[1]/D
                            (rising edge-triggered cell FDSE clocked by sys_clk_pin  {rise@0.000ns fall@5.000ns period=10.000ns})
  Path Group:             sys_clk_pin
  Path Type:              Hold (Min at Fast Process Corner)
  Requirement:            0.000ns  (sys_clk_pin rise@0.000ns - sys_clk_pin rise@0.000ns)
  Data Path Delay:        0.357ns  (logic 0.186ns (52.166%)  route 0.171ns (47.834%))
  Logic Levels:           1  (LUT6=1)
  Clock Path Skew:        0.016ns (DCD - SCD - CPR)
    Destination Clock Delay (DCD):    2.041ns
    Source Clock Delay      (SCD):    1.522ns
    Clock Pessimism Removal (CPR):    0.502ns

    Location             Delay type                Incr(ns)  Path(ns)    Netlist Resource(s)
  -------------------------------------------------------------------    -------------------
                         (clock sys_clk_pin rise edge)
                                                      0.000     0.000 r  
    E3                                                0.000     0.000 r  clk (IN)
                         net (fo=0)                   0.000     0.000    clk
    E3                   IBUF (Prop_ibuf_I_O)         0.250     0.250 r  clk_IBUF_inst/O
                         net (fo=1, routed)           0.644     0.894    clk_IBUF
    BUFGCTRL_X0Y16       BUFG (Prop_bufg_I_O)         0.026     0.920 r  clk_IBUF_BUFG_inst/O
                         net (fo=189, routed)         0.603     1.522    clk_IBUF_BUFG
    SLICE_X3Y92          FDRE                                         r  m_u_reg[0]/C
  -------------------------------------------------------------------    -------------------
    SLICE_X3Y92          FDRE (Prop_fdre_C_Q)         0.141     1.663 r  m_u_reg[0]/Q
                         net (fo=7, routed)           0.171     1.834    m_u_reg_n_0_[0]
    SLICE_X1Y92          LUT6 (Prop_lut6_I0_O)        0.045     1.879 r  m_u[1]_i_1/O
                         net (fo=1, routed)           0.000     1.879    m_u[1]_i_1_n_0
    SLICE_X1Y92          FDSE                                         r  m_u_reg[1]/D
  -------------------------------------------------------------------    -------------------

                         (clock sys_clk_pin rise edge)
                                                      0.000     0.000 r  
    E3                                                0.000     0.000 r  clk (IN)
                         net (fo=0)                   0.000     0.000    clk
    E3                   IBUF (Prop_ibuf_I_O)         0.438     0.438 r  clk_IBUF_inst/O
                         net (fo=1, routed)           0.699     1.136    clk_IBUF
    BUFGCTRL_X0Y16       BUFG (Prop_bufg_I_O)         0.029     1.165 r  clk_IBUF_BUFG_inst/O
                         net (fo=189, routed)         0.876     2.041    clk_IBUF_BUFG
    SLICE_X1Y92          FDSE                                         r  m_u_reg[1]/C
                         clock pessimism             -0.502     1.538    
    SLICE_X1Y92          FDSE (Hold_fdse_C_D)         0.092     1.630    m_u_reg[1]
  -------------------------------------------------------------------
                         required time                         -1.630    
                         arrival time                           1.879    
  -------------------------------------------------------------------
                         slack                                  0.249    

Slack (MET) :             0.250ns  (arrival time - required time)
  Source:                 s_u_reg[2]/C
                            (rising edge-triggered cell FDRE clocked by sys_clk_pin  {rise@0.000ns fall@5.000ns period=10.000ns})
  Destination:            s_u_reg[3]/D
                            (rising edge-triggered cell FDRE clocked by sys_clk_pin  {rise@0.000ns fall@5.000ns period=10.000ns})
  Path Group:             sys_clk_pin
  Path Type:              Hold (Min at Fast Process Corner)
  Requirement:            0.000ns  (sys_clk_pin rise@0.000ns - sys_clk_pin rise@0.000ns)
  Data Path Delay:        0.357ns  (logic 0.186ns (52.162%)  route 0.171ns (47.838%))
  Logic Levels:           1  (LUT6=1)
  Clock Path Skew:        0.015ns (DCD - SCD - CPR)
    Destination Clock Delay (DCD):    2.041ns
    Source Clock Delay      (SCD):    1.523ns
    Clock Pessimism Removal (CPR):    0.502ns

    Location             Delay type                Incr(ns)  Path(ns)    Netlist Resource(s)
  -------------------------------------------------------------------    -------------------
                         (clock sys_clk_pin rise edge)
                                                      0.000     0.000 r  
    E3                                                0.000     0.000 r  clk (IN)
                         net (fo=0)                   0.000     0.000    clk
    E3                   IBUF (Prop_ibuf_I_O)         0.250     0.250 r  clk_IBUF_inst/O
                         net (fo=1, routed)           0.644     0.894    clk_IBUF
    BUFGCTRL_X0Y16       BUFG (Prop_bufg_I_O)         0.026     0.920 r  clk_IBUF_BUFG_inst/O
                         net (fo=189, routed)         0.604     1.523    clk_IBUF_BUFG
    SLICE_X3Y93          FDRE                                         r  s_u_reg[2]/C
  -------------------------------------------------------------------    -------------------
    SLICE_X3Y93          FDRE (Prop_fdre_C_Q)         0.141     1.664 r  s_u_reg[2]/Q
                         net (fo=5, routed)           0.171     1.835    s_u_reg_n_0_[2]
    SLICE_X3Y92          LUT6 (Prop_lut6_I3_O)        0.045     1.880 r  s_u[3]_i_1/O
                         net (fo=1, routed)           0.000     1.880    s_u[3]_i_1_n_0
    SLICE_X3Y92          FDRE                                         r  s_u_reg[3]/D
  -------------------------------------------------------------------    -------------------

                         (clock sys_clk_pin rise edge)
                                                      0.000     0.000 r  
    E3                                                0.000     0.000 r  clk (IN)
                         net (fo=0)                   0.000     0.000    clk
    E3                   IBUF (Prop_ibuf_I_O)         0.438     0.438 r  clk_IBUF_inst/O
                         net (fo=1, routed)           0.699     1.136    clk_IBUF
    BUFGCTRL_X0Y16       BUFG (Prop_bufg_I_O)         0.029     1.165 r  clk_IBUF_BUFG_inst/O
                         net (fo=189, routed)         0.876     2.041    clk_IBUF_BUFG
    SLICE_X3Y92          FDRE                                         r  s_u_reg[3]/C
                         clock pessimism             -0.502     1.538    
    SLICE_X3Y92          FDRE (Hold_fdre_C_D)         0.092     1.630    s_u_reg[3]
  -------------------------------------------------------------------
                         required time                         -1.630    
                         arrival time                           1.880    
  -------------------------------------------------------------------
                         slack                                  0.250    





Pulse Width Checks
--------------------------------------------------------------------------------------
Clock Name:         sys_clk_pin
Waveform(ns):       { 0.000 5.000 }
Period(ns):         10.000
Sources:            { clk }

Check Type        Corner  Lib Pin  Reference Pin  Required(ns)  Actual(ns)  Slack(ns)  Location        Pin
Min Period        n/a     BUFG/I   n/a            2.155         10.000      7.845      BUFGCTRL_X0Y16  clk_IBUF_BUFG_inst/I
Min Period        n/a     FDRE/C   n/a            1.000         10.000      9.000      SLICE_X0Y83     cnt_refresh_reg[0]/C
Min Period        n/a     FDRE/C   n/a            1.000         10.000      9.000      SLICE_X1Y83     cnt_refresh_reg[10]/C
Min Period        n/a     FDRE/C   n/a            1.000         10.000      9.000      SLICE_X1Y83     cnt_refresh_reg[11]/C
Min Period        n/a     FDRE/C   n/a            1.000         10.000      9.000      SLICE_X1Y83     cnt_refresh_reg[12]/C
Min Period        n/a     FDRE/C   n/a            1.000         10.000      9.000      SLICE_X1Y84     cnt_refresh_reg[13]/C
Min Period        n/a     FDRE/C   n/a            1.000         10.000      9.000      SLICE_X1Y84     cnt_refresh_reg[14]/C
Min Period        n/a     FDRE/C   n/a            1.000         10.000      9.000      SLICE_X1Y84     cnt_refresh_reg[15]/C
Min Period        n/a     FDRE/C   n/a            1.000         10.000      9.000      SLICE_X1Y84     cnt_refresh_reg[16]/C
Min Period        n/a     FDRE/C   n/a            1.000         10.000      9.000      SLICE_X1Y85     cnt_refresh_reg[17]/C
Low Pulse Width   Slow    FDRE/C   n/a            0.500         5.000       4.500      SLICE_X0Y83     cnt_refresh_reg[0]/C
Low Pulse Width   Fast    FDRE/C   n/a            0.500         5.000       4.500      SLICE_X0Y83     cnt_refresh_reg[0]/C
Low Pulse Width   Slow    FDRE/C   n/a            0.500         5.000       4.500      SLICE_X1Y83     cnt_refresh_reg[10]/C
Low Pulse Width   Fast    FDRE/C   n/a            0.500         5.000       4.500      SLICE_X1Y83     cnt_refresh_reg[10]/C
Low Pulse Width   Slow    FDRE/C   n/a            0.500         5.000       4.500      SLICE_X1Y83     cnt_refresh_reg[11]/C
Low Pulse Width   Fast    FDRE/C   n/a            0.500         5.000       4.500      SLICE_X1Y83     cnt_refresh_reg[11]/C
Low Pulse Width   Slow    FDRE/C   n/a            0.500         5.000       4.500      SLICE_X1Y83     cnt_refresh_reg[12]/C
Low Pulse Width   Fast    FDRE/C   n/a            0.500         5.000       4.500      SLICE_X1Y83     cnt_refresh_reg[12]/C
Low Pulse Width   Slow    FDRE/C   n/a            0.500         5.000       4.500      SLICE_X1Y84     cnt_refresh_reg[13]/C
Low Pulse Width   Fast    FDRE/C   n/a            0.500         5.000       4.500      SLICE_X1Y84     cnt_refresh_reg[13]/C
High Pulse Width  Slow    FDRE/C   n/a            0.500         5.000       4.500      SLICE_X0Y83     cnt_refresh_reg[0]/C
High Pulse Width  Fast    FDRE/C   n/a            0.500         5.000       4.500      SLICE_X0Y83     cnt_refresh_reg[0]/C
High Pulse Width  Slow    FDRE/C   n/a            0.500         5.000       4.500      SLICE_X1Y83     cnt_refresh_reg[10]/C
High Pulse Width  Fast    FDRE/C   n/a            0.500         5.000       4.500      SLICE_X1Y83     cnt_refresh_reg[10]/C
High Pulse Width  Slow    FDRE/C   n/a            0.500         5.000       4.500      SLICE_X1Y83     cnt_refresh_reg[11]/C
High Pulse Width  Fast    FDRE/C   n/a            0.500         5.000       4.500      SLICE_X1Y83     cnt_refresh_reg[11]/C
High Pulse Width  Slow    FDRE/C   n/a            0.500         5.000       4.500      SLICE_X1Y83     cnt_refresh_reg[12]/C
High Pulse Width  Fast    FDRE/C   n/a            0.500         5.000       4.500      SLICE_X1Y83     cnt_refresh_reg[12]/C
High Pulse Width  Slow    FDRE/C   n/a            0.500         5.000       4.500      SLICE_X1Y84     cnt_refresh_reg[13]/C
High Pulse Width  Fast    FDRE/C   n/a            0.500         5.000       4.500      SLICE_X1Y84     cnt_refresh_reg[13]/C



--------------------------------------------------------------------------------------
Path Group:  (none)
From Clock:  sys_clk_pin
  To Clock:  

Max Delay            16 Endpoints
Min Delay            16 Endpoints
--------------------------------------------------------------------------------------


Max Delay Paths
--------------------------------------------------------------------------------------
Slack:                    inf
  Source:                 m_t_reg[2]/C
                            (rising edge-triggered cell FDRE clocked by sys_clk_pin  {rise@0.000ns fall@5.000ns period=10.000ns})
  Destination:            seg[5]
                            (output port)
  Path Group:             (none)
  Path Type:              Max at Slow Process Corner
  Data Path Delay:        10.453ns  (logic 5.019ns (48.019%)  route 5.434ns (51.981%))
  Logic Levels:           4  (LUT4=1 LUT6=1 MUXF7=1 OBUF=1)
  Clock Uncertainty:      0.025ns  ((TSJ^2 + TIJ^2)^1/2 + DJ) / 2 + PE
    Total System Jitter     (TSJ):    0.050ns
    Total Input Jitter      (TIJ):    0.000ns
    Discrete Jitter          (DJ):    0.000ns
    Phase Error              (PE):    0.000ns

    Location             Delay type                Incr(ns)  Path(ns)    Netlist Resource(s)
  -------------------------------------------------------------------    -------------------
                         (clock sys_clk_pin rise edge)
                                                      0.000     0.000 r  
    E3                                                0.000     0.000 r  clk (IN)
                         net (fo=0)                   0.000     0.000    clk
    E3                   IBUF (Prop_ibuf_I_O)         1.482     1.482 r  clk_IBUF_inst/O
                         net (fo=1, routed)           2.025     3.506    clk_IBUF
    BUFGCTRL_X0Y16       BUFG (Prop_bufg_I_O)         0.096     3.602 r  clk_IBUF_BUFG_inst/O
                         net (fo=189, routed)         1.723     5.326    clk_IBUF_BUFG
    SLICE_X1Y90          FDRE                                         r  m_t_reg[2]/C
  -------------------------------------------------------------------    -------------------
    SLICE_X1Y90          FDRE (Prop_fdre_C_Q)         0.419     5.745 r  m_t_reg[2]/Q
                         net (fo=4, routed)           0.986     6.731    m_t_reg[2]
    SLICE_X4Y90          LUT6 (Prop_lut6_I3_O)        0.296     7.027 r  seg_OBUF[6]_inst_i_9/O
                         net (fo=1, routed)           0.000     7.027    seg_OBUF[6]_inst_i_9_n_0
    SLICE_X4Y90          MUXF7 (Prop_muxf7_I1_O)      0.217     7.244 r  seg_OBUF[6]_inst_i_3/O
                         net (fo=7, routed)           1.139     8.383    sel0[2]
    SLICE_X1Y93          LUT4 (Prop_lut4_I1_O)        0.329     8.712 r  seg_OBUF[5]_inst_i_1/O
                         net (fo=1, routed)           3.309    12.020    seg_OBUF[5]
    R10                  OBUF (Prop_obuf_I_O)         3.758    15.779 r  seg_OBUF[5]_inst/O
                         net (fo=0)                   0.000    15.779    seg[5]
    R10                                                               r  seg[5] (OUT)
  -------------------------------------------------------------------    -------------------

Slack:                    inf
  Source:                 mux_reg[1]/C
                            (rising edge-triggered cell FDRE clocked by sys_clk_pin  {rise@0.000ns fall@5.000ns period=10.000ns})
  Destination:            an[6]
                            (output port)
  Path Group:             (none)
  Path Type:              Max at Slow Process Corner
  Data Path Delay:        10.183ns  (logic 4.098ns (40.239%)  route 6.085ns (59.761%))
  Logic Levels:           2  (LUT3=1 OBUF=1)
  Clock Uncertainty:      0.025ns  ((TSJ^2 + TIJ^2)^1/2 + DJ) / 2 + PE
    Total System Jitter     (TSJ):    0.050ns
    Total Input Jitter      (TIJ):    0.000ns
    Discrete Jitter          (DJ):    0.000ns
    Phase Error              (PE):    0.000ns

    Location             Delay type                Incr(ns)  Path(ns)    Netlist Resource(s)
  -------------------------------------------------------------------    -------------------
                         (clock sys_clk_pin rise edge)
                                                      0.000     0.000 r  
    E3                                                0.000     0.000 r  clk (IN)
                         net (fo=0)                   0.000     0.000    clk
    E3                   IBUF (Prop_ibuf_I_O)         1.482     1.482 r  clk_IBUF_inst/O
                         net (fo=1, routed)           2.025     3.506    clk_IBUF
    BUFGCTRL_X0Y16       BUFG (Prop_bufg_I_O)         0.096     3.602 r  clk_IBUF_BUFG_inst/O
                         net (fo=189, routed)         1.723     5.326    clk_IBUF_BUFG
    SLICE_X1Y89          FDRE                                         r  mux_reg[1]/C
  -------------------------------------------------------------------    -------------------
    SLICE_X1Y89          FDRE (Prop_fdre_C_Q)         0.456     5.782 f  mux_reg[1]/Q
                         net (fo=18, routed)          1.404     7.186    mux_reg_n_0_[1]
    SLICE_X2Y90          LUT3 (Prop_lut3_I0_O)        0.124     7.310 r  an_OBUF[6]_inst_i_1/O
                         net (fo=1, routed)           4.681    11.991    an_OBUF[6]
    K2                   OBUF (Prop_obuf_I_O)         3.518    15.509 r  an_OBUF[6]_inst/O
                         net (fo=0)                   0.000    15.509    an[6]
    K2                                                                r  an[6] (OUT)
  -------------------------------------------------------------------    -------------------

Slack:                    inf
  Source:                 mux_reg[1]/C
                            (rising edge-triggered cell FDRE clocked by sys_clk_pin  {rise@0.000ns fall@5.000ns period=10.000ns})
  Destination:            seg[6]
                            (output port)
  Path Group:             (none)
  Path Type:              Max at Slow Process Corner
  Data Path Delay:        10.054ns  (logic 4.909ns (48.825%)  route 5.145ns (51.175%))
  Logic Levels:           4  (LUT4=1 LUT6=1 MUXF7=1 OBUF=1)
  Clock Uncertainty:      0.025ns  ((TSJ^2 + TIJ^2)^1/2 + DJ) / 2 + PE
    Total System Jitter     (TSJ):    0.050ns
    Total Input Jitter      (TIJ):    0.000ns
    Discrete Jitter          (DJ):    0.000ns
    Phase Error              (PE):    0.000ns

    Location             Delay type                Incr(ns)  Path(ns)    Netlist Resource(s)
  -------------------------------------------------------------------    -------------------
                         (clock sys_clk_pin rise edge)
                                                      0.000     0.000 r  
    E3                                                0.000     0.000 r  clk (IN)
                         net (fo=0)                   0.000     0.000    clk
    E3                   IBUF (Prop_ibuf_I_O)         1.482     1.482 r  clk_IBUF_inst/O
                         net (fo=1, routed)           2.025     3.506    clk_IBUF
    BUFGCTRL_X0Y16       BUFG (Prop_bufg_I_O)         0.096     3.602 r  clk_IBUF_BUFG_inst/O
                         net (fo=189, routed)         1.723     5.326    clk_IBUF_BUFG
    SLICE_X1Y89          FDRE                                         r  mux_reg[1]/C
  -------------------------------------------------------------------    -------------------
    SLICE_X1Y89          FDRE (Prop_fdre_C_Q)         0.456     5.782 r  mux_reg[1]/Q
                         net (fo=18, routed)          1.326     7.107    mux_reg_n_0_[1]
    SLICE_X5Y91          LUT6 (Prop_lut6_I2_O)        0.124     7.231 r  seg_OBUF[6]_inst_i_7/O
                         net (fo=1, routed)           0.000     7.231    seg_OBUF[6]_inst_i_7_n_0
    SLICE_X5Y91          MUXF7 (Prop_muxf7_I1_O)      0.217     7.448 r  seg_OBUF[6]_inst_i_2/O
                         net (fo=7, routed)           0.839     8.288    sel0[3]
    SLICE_X1Y91          LUT4 (Prop_lut4_I0_O)        0.327     8.615 r  seg_OBUF[6]_inst_i_1/O
                         net (fo=1, routed)           2.980    11.595    seg_OBUF[6]
    T10                  OBUF (Prop_obuf_I_O)         3.785    15.380 r  seg_OBUF[6]_inst/O
                         net (fo=0)                   0.000    15.380    seg[6]
    T10                                                               r  seg[6] (OUT)
  -------------------------------------------------------------------    -------------------

Slack:                    inf
  Source:                 mux_reg[1]/C
                            (rising edge-triggered cell FDRE clocked by sys_clk_pin  {rise@0.000ns fall@5.000ns period=10.000ns})
  Destination:            seg[1]
                            (output port)
  Path Group:             (none)
  Path Type:              Max at Slow Process Corner
  Data Path Delay:        9.384ns  (logic 4.657ns (49.626%)  route 4.727ns (50.374%))
  Logic Levels:           4  (LUT4=1 LUT6=1 MUXF7=1 OBUF=1)
  Clock Uncertainty:      0.025ns  ((TSJ^2 + TIJ^2)^1/2 + DJ) / 2 + PE
    Total System Jitter     (TSJ):    0.050ns
    Total Input Jitter      (TIJ):    0.000ns
    Discrete Jitter          (DJ):    0.000ns
    Phase Error              (PE):    0.000ns

    Location             Delay type                Incr(ns)  Path(ns)    Netlist Resource(s)
  -------------------------------------------------------------------    -------------------
                         (clock sys_clk_pin rise edge)
                                                      0.000     0.000 r  
    E3                                                0.000     0.000 r  clk (IN)
                         net (fo=0)                   0.000     0.000    clk
    E3                   IBUF (Prop_ibuf_I_O)         1.482     1.482 r  clk_IBUF_inst/O
                         net (fo=1, routed)           2.025     3.506    clk_IBUF
    BUFGCTRL_X0Y16       BUFG (Prop_bufg_I_O)         0.096     3.602 r  clk_IBUF_BUFG_inst/O
                         net (fo=189, routed)         1.723     5.326    clk_IBUF_BUFG
    SLICE_X1Y89          FDRE                                         r  mux_reg[1]/C
  -------------------------------------------------------------------    -------------------
    SLICE_X1Y89          FDRE (Prop_fdre_C_Q)         0.456     5.782 r  mux_reg[1]/Q
                         net (fo=18, routed)          1.326     7.107    mux_reg_n_0_[1]
    SLICE_X5Y91          LUT6 (Prop_lut6_I2_O)        0.124     7.231 r  seg_OBUF[6]_inst_i_7/O
                         net (fo=1, routed)           0.000     7.231    seg_OBUF[6]_inst_i_7_n_0
    SLICE_X5Y91          MUXF7 (Prop_muxf7_I1_O)      0.217     7.448 r  seg_OBUF[6]_inst_i_2/O
                         net (fo=7, routed)           0.839     8.288    sel0[3]
    SLICE_X1Y91          LUT4 (Prop_lut4_I0_O)        0.299     8.587 r  seg_OBUF[1]_inst_i_1/O
                         net (fo=1, routed)           2.562    11.149    seg_OBUF[1]
    T11                  OBUF (Prop_obuf_I_O)         3.561    14.709 r  seg_OBUF[1]_inst/O
                         net (fo=0)                   0.000    14.709    seg[1]
    T11                                                               r  seg[1] (OUT)
  -------------------------------------------------------------------    -------------------

Slack:                    inf
  Source:                 mux_reg[1]/C
                            (rising edge-triggered cell FDRE clocked by sys_clk_pin  {rise@0.000ns fall@5.000ns period=10.000ns})
  Destination:            seg[2]
                            (output port)
  Path Group:             (none)
  Path Type:              Max at Slow Process Corner
  Data Path Delay:        9.253ns  (logic 4.630ns (50.035%)  route 4.623ns (49.965%))
  Logic Levels:           4  (LUT4=1 LUT6=1 MUXF7=1 OBUF=1)
  Clock Uncertainty:      0.025ns  ((TSJ^2 + TIJ^2)^1/2 + DJ) / 2 + PE
    Total System Jitter     (TSJ):    0.050ns
    Total Input Jitter      (TIJ):    0.000ns
    Discrete Jitter          (DJ):    0.000ns
    Phase Error              (PE):    0.000ns

    Location             Delay type                Incr(ns)  Path(ns)    Netlist Resource(s)
  -------------------------------------------------------------------    -------------------
                         (clock sys_clk_pin rise edge)
                                                      0.000     0.000 r  
    E3                                                0.000     0.000 r  clk (IN)
                         net (fo=0)                   0.000     0.000    clk
    E3                   IBUF (Prop_ibuf_I_O)         1.482     1.482 r  clk_IBUF_inst/O
                         net (fo=1, routed)           2.025     3.506    clk_IBUF
    BUFGCTRL_X0Y16       BUFG (Prop_bufg_I_O)         0.096     3.602 r  clk_IBUF_BUFG_inst/O
                         net (fo=189, routed)         1.723     5.326    clk_IBUF_BUFG
    SLICE_X1Y89          FDRE                                         r  mux_reg[1]/C
  -------------------------------------------------------------------    -------------------
    SLICE_X1Y89          FDRE (Prop_fdre_C_Q)         0.456     5.782 r  mux_reg[1]/Q
                         net (fo=18, routed)          1.326     7.107    mux_reg_n_0_[1]
    SLICE_X5Y91          LUT6 (Prop_lut6_I2_O)        0.124     7.231 r  seg_OBUF[6]_inst_i_7/O
                         net (fo=1, routed)           0.000     7.231    seg_OBUF[6]_inst_i_7_n_0
    SLICE_X5Y91          MUXF7 (Prop_muxf7_I1_O)      0.217     7.448 r  seg_OBUF[6]_inst_i_2/O
                         net (fo=7, routed)           0.981     8.430    sel0[3]
    SLICE_X2Y93          LUT4 (Prop_lut4_I0_O)        0.299     8.729 r  seg_OBUF[2]_inst_i_1/O
                         net (fo=1, routed)           2.316    11.045    seg_OBUF[2]
    P15                  OBUF (Prop_obuf_I_O)         3.534    14.578 r  seg_OBUF[2]_inst/O
                         net (fo=0)                   0.000    14.578    seg[2]
    P15                                                               r  seg[2] (OUT)
  -------------------------------------------------------------------    -------------------

Slack:                    inf
  Source:                 m_t_reg[2]/C
                            (rising edge-triggered cell FDRE clocked by sys_clk_pin  {rise@0.000ns fall@5.000ns period=10.000ns})
  Destination:            seg[3]
                            (output port)
  Path Group:             (none)
  Path Type:              Max at Slow Process Corner
  Data Path Delay:        9.225ns  (logic 4.781ns (51.828%)  route 4.444ns (48.172%))
  Logic Levels:           4  (LUT4=1 LUT6=1 MUXF7=1 OBUF=1)
  Clock Uncertainty:      0.025ns  ((TSJ^2 + TIJ^2)^1/2 + DJ) / 2 + PE
    Total System Jitter     (TSJ):    0.050ns
    Total Input Jitter      (TIJ):    0.000ns
    Discrete Jitter          (DJ):    0.000ns
    Phase Error              (PE):    0.000ns

    Location             Delay type                Incr(ns)  Path(ns)    Netlist Resource(s)
  -------------------------------------------------------------------    -------------------
                         (clock sys_clk_pin rise edge)
                                                      0.000     0.000 r  
    E3                                                0.000     0.000 r  clk (IN)
                         net (fo=0)                   0.000     0.000    clk
    E3                   IBUF (Prop_ibuf_I_O)         1.482     1.482 r  clk_IBUF_inst/O
                         net (fo=1, routed)           2.025     3.506    clk_IBUF
    BUFGCTRL_X0Y16       BUFG (Prop_bufg_I_O)         0.096     3.602 r  clk_IBUF_BUFG_inst/O
                         net (fo=189, routed)         1.723     5.326    clk_IBUF_BUFG
    SLICE_X1Y90          FDRE                                         r  m_t_reg[2]/C
  -------------------------------------------------------------------    -------------------
    SLICE_X1Y90          FDRE (Prop_fdre_C_Q)         0.419     5.745 r  m_t_reg[2]/Q
                         net (fo=4, routed)           0.986     6.731    m_t_reg[2]
    SLICE_X4Y90          LUT6 (Prop_lut6_I3_O)        0.296     7.027 r  seg_OBUF[6]_inst_i_9/O
                         net (fo=1, routed)           0.000     7.027    seg_OBUF[6]_inst_i_9_n_0
    SLICE_X4Y90          MUXF7 (Prop_muxf7_I1_O)      0.217     7.244 r  seg_OBUF[6]_inst_i_3/O
                         net (fo=7, routed)           1.139     8.383    sel0[2]
    SLICE_X1Y93          LUT4 (Prop_lut4_I1_O)        0.299     8.682 r  seg_OBUF[3]_inst_i_1/O
                         net (fo=1, routed)           2.319    11.001    seg_OBUF[3]
    K13                  OBUF (Prop_obuf_I_O)         3.550    14.551 r  seg_OBUF[3]_inst/O
                         net (fo=0)                   0.000    14.551    seg[3]
    K13                                                               r  seg[3] (OUT)
  -------------------------------------------------------------------    -------------------

Slack:                    inf
  Source:                 mux_reg[1]/C
                            (rising edge-triggered cell FDRE clocked by sys_clk_pin  {rise@0.000ns fall@5.000ns period=10.000ns})
  Destination:            seg[4]
                            (output port)
  Path Group:             (none)
  Path Type:              Max at Slow Process Corner
  Data Path Delay:        9.014ns  (logic 4.841ns (53.706%)  route 4.173ns (46.294%))
  Logic Levels:           4  (LUT4=1 LUT6=1 MUXF7=1 OBUF=1)
  Clock Uncertainty:      0.025ns  ((TSJ^2 + TIJ^2)^1/2 + DJ) / 2 + PE
    Total System Jitter     (TSJ):    0.050ns
    Total Input Jitter      (TIJ):    0.000ns
    Discrete Jitter          (DJ):    0.000ns
    Phase Error              (PE):    0.000ns

    Location             Delay type                Incr(ns)  Path(ns)    Netlist Resource(s)
  -------------------------------------------------------------------    -------------------
                         (clock sys_clk_pin rise edge)
                                                      0.000     0.000 r  
    E3                                                0.000     0.000 r  clk (IN)
                         net (fo=0)                   0.000     0.000    clk
    E3                   IBUF (Prop_ibuf_I_O)         1.482     1.482 r  clk_IBUF_inst/O
                         net (fo=1, routed)           2.025     3.506    clk_IBUF
    BUFGCTRL_X0Y16       BUFG (Prop_bufg_I_O)         0.096     3.602 r  clk_IBUF_BUFG_inst/O
                         net (fo=189, routed)         1.723     5.326    clk_IBUF_BUFG
    SLICE_X1Y89          FDRE                                         r  mux_reg[1]/C
  -------------------------------------------------------------------    -------------------
    SLICE_X1Y89          FDRE (Prop_fdre_C_Q)         0.456     5.782 r  mux_reg[1]/Q
                         net (fo=18, routed)          1.326     7.107    mux_reg_n_0_[1]
    SLICE_X5Y91          LUT6 (Prop_lut6_I2_O)        0.124     7.231 r  seg_OBUF[6]_inst_i_7/O
                         net (fo=1, routed)           0.000     7.231    seg_OBUF[6]_inst_i_7_n_0
    SLICE_X5Y91          MUXF7 (Prop_muxf7_I1_O)      0.217     7.448 r  seg_OBUF[6]_inst_i_2/O
                         net (fo=7, routed)           0.981     8.430    sel0[3]
    SLICE_X2Y93          LUT4 (Prop_lut4_I0_O)        0.327     8.757 r  seg_OBUF[4]_inst_i_1/O
                         net (fo=1, routed)           1.866    10.623    seg_OBUF[4]
    K16                  OBUF (Prop_obuf_I_O)         3.717    14.340 r  seg_OBUF[4]_inst/O
                         net (fo=0)                   0.000    14.340    seg[4]
    K16                                                               r  seg[4] (OUT)
  -------------------------------------------------------------------    -------------------

Slack:                    inf
  Source:                 mux_reg[1]/C
                            (rising edge-triggered cell FDRE clocked by sys_clk_pin  {rise@0.000ns fall@5.000ns period=10.000ns})
  Destination:            an[7]
                            (output port)
  Path Group:             (none)
  Path Type:              Max at Slow Process Corner
  Data Path Delay:        8.676ns  (logic 4.333ns (49.946%)  route 4.343ns (50.054%))
  Logic Levels:           2  (LUT3=1 OBUF=1)
  Clock Uncertainty:      0.025ns  ((TSJ^2 + TIJ^2)^1/2 + DJ) / 2 + PE
    Total System Jitter     (TSJ):    0.050ns
    Total Input Jitter      (TIJ):    0.000ns
    Discrete Jitter          (DJ):    0.000ns
    Phase Error              (PE):    0.000ns

    Location             Delay type                Incr(ns)  Path(ns)    Netlist Resource(s)
  -------------------------------------------------------------------    -------------------
                         (clock sys_clk_pin rise edge)
                                                      0.000     0.000 r  
    E3                                                0.000     0.000 r  clk (IN)
                         net (fo=0)                   0.000     0.000    clk
    E3                   IBUF (Prop_ibuf_I_O)         1.482     1.482 r  clk_IBUF_inst/O
                         net (fo=1, routed)           2.025     3.506    clk_IBUF
    BUFGCTRL_X0Y16       BUFG (Prop_bufg_I_O)         0.096     3.602 r  clk_IBUF_BUFG_inst/O
                         net (fo=189, routed)         1.723     5.326    clk_IBUF_BUFG
    SLICE_X1Y89          FDRE                                         r  mux_reg[1]/C
  -------------------------------------------------------------------    -------------------
    SLICE_X1Y89          FDRE (Prop_fdre_C_Q)         0.456     5.782 f  mux_reg[1]/Q
                         net (fo=18, routed)          1.404     7.186    mux_reg_n_0_[1]
    SLICE_X2Y90          LUT3 (Prop_lut3_I2_O)        0.117     7.303 r  an_OBUF[7]_inst_i_1/O
                         net (fo=1, routed)           2.938    10.241    an_OBUF[7]
    U13                  OBUF (Prop_obuf_I_O)         3.760    14.002 r  an_OBUF[7]_inst/O
                         net (fo=0)                   0.000    14.002    an[7]
    U13                                                               r  an[7] (OUT)
  -------------------------------------------------------------------    -------------------

Slack:                    inf
  Source:                 mux_reg[2]/C
                            (rising edge-triggered cell FDRE clocked by sys_clk_pin  {rise@0.000ns fall@5.000ns period=10.000ns})
  Destination:            an[2]
                            (output port)
  Path Group:             (none)
  Path Type:              Max at Slow Process Corner
  Data Path Delay:        8.478ns  (logic 4.289ns (50.592%)  route 4.189ns (49.408%))
  Logic Levels:           2  (LUT3=1 OBUF=1)
  Clock Uncertainty:      0.025ns  ((TSJ^2 + TIJ^2)^1/2 + DJ) / 2 + PE
    Total System Jitter     (TSJ):    0.050ns
    Total Input Jitter      (TIJ):    0.000ns
    Discrete Jitter          (DJ):    0.000ns
    Phase Error              (PE):    0.000ns

    Location             Delay type                Incr(ns)  Path(ns)    Netlist Resource(s)
  -------------------------------------------------------------------    -------------------
                         (clock sys_clk_pin rise edge)
                                                      0.000     0.000 r  
    E3                                                0.000     0.000 r  clk (IN)
                         net (fo=0)                   0.000     0.000    clk
    E3                   IBUF (Prop_ibuf_I_O)         1.482     1.482 r  clk_IBUF_inst/O
                         net (fo=1, routed)           2.025     3.506    clk_IBUF
    BUFGCTRL_X0Y16       BUFG (Prop_bufg_I_O)         0.096     3.602 r  clk_IBUF_BUFG_inst/O
                         net (fo=189, routed)         1.723     5.326    clk_IBUF_BUFG
    SLICE_X1Y89          FDRE                                         r  mux_reg[2]/C
  -------------------------------------------------------------------    -------------------
    SLICE_X1Y89          FDRE (Prop_fdre_C_Q)         0.419     5.745 r  mux_reg[2]/Q
                         net (fo=13, routed)          1.217     6.962    mux_reg_n_0_[2]
    SLICE_X1Y93          LUT3 (Prop_lut3_I0_O)        0.296     7.258 r  an_OBUF[2]_inst_i_1/O
                         net (fo=1, routed)           2.972    10.230    an_OBUF[2]
    T9                   OBUF (Prop_obuf_I_O)         3.574    13.804 r  an_OBUF[2]_inst/O
                         net (fo=0)                   0.000    13.804    an[2]
    T9                                                                r  an[2] (OUT)
  -------------------------------------------------------------------    -------------------

Slack:                    inf
  Source:                 m_t_reg[2]/C
                            (rising edge-triggered cell FDRE clocked by sys_clk_pin  {rise@0.000ns fall@5.000ns period=10.000ns})
  Destination:            seg[0]
                            (output port)
  Path Group:             (none)
  Path Type:              Max at Slow Process Corner
  Data Path Delay:        8.410ns  (logic 4.768ns (56.701%)  route 3.641ns (43.299%))
  Logic Levels:           4  (LUT4=1 LUT6=1 MUXF7=1 OBUF=1)
  Clock Uncertainty:      0.025ns  ((TSJ^2 + TIJ^2)^1/2 + DJ) / 2 + PE
    Total System Jitter     (TSJ):    0.050ns
    Total Input Jitter      (TIJ):    0.000ns
    Discrete Jitter          (DJ):    0.000ns
    Phase Error              (PE):    0.000ns

    Location             Delay type                Incr(ns)  Path(ns)    Netlist Resource(s)
  -------------------------------------------------------------------    -------------------
                         (clock sys_clk_pin rise edge)
                                                      0.000     0.000 r  
    E3                                                0.000     0.000 r  clk (IN)
                         net (fo=0)                   0.000     0.000    clk
    E3                   IBUF (Prop_ibuf_I_O)         1.482     1.482 r  clk_IBUF_inst/O
                         net (fo=1, routed)           2.025     3.506    clk_IBUF
    BUFGCTRL_X0Y16       BUFG (Prop_bufg_I_O)         0.096     3.602 r  clk_IBUF_BUFG_inst/O
                         net (fo=189, routed)         1.723     5.326    clk_IBUF_BUFG
    SLICE_X1Y90          FDRE                                         r  m_t_reg[2]/C
  -------------------------------------------------------------------    -------------------
    SLICE_X1Y90          FDRE (Prop_fdre_C_Q)         0.419     5.745 r  m_t_reg[2]/Q
                         net (fo=4, routed)           0.986     6.731    m_t_reg[2]
    SLICE_X4Y90          LUT6 (Prop_lut6_I3_O)        0.296     7.027 r  seg_OBUF[6]_inst_i_9/O
                         net (fo=1, routed)           0.000     7.027    seg_OBUF[6]_inst_i_9_n_0
    SLICE_X4Y90          MUXF7 (Prop_muxf7_I1_O)      0.217     7.244 r  seg_OBUF[6]_inst_i_3/O
                         net (fo=7, routed)           0.993     8.236    sel0[2]
    SLICE_X1Y91          LUT4 (Prop_lut4_I2_O)        0.299     8.535 r  seg_OBUF[0]_inst_i_1/O
                         net (fo=1, routed)           1.663    10.198    seg_OBUF[0]
    L18                  OBUF (Prop_obuf_I_O)         3.537    13.735 r  seg_OBUF[0]_inst/O
                         net (fo=0)                   0.000    13.735    seg[0]
    L18                                                               r  seg[0] (OUT)
  -------------------------------------------------------------------    -------------------





Min Delay Paths
--------------------------------------------------------------------------------------
Slack:                    inf
  Source:                 led_reg/C
                            (rising edge-triggered cell FDRE clocked by sys_clk_pin  {rise@0.000ns fall@5.000ns period=10.000ns})
  Destination:            led
                            (output port)
  Path Group:             (none)
  Path Type:              Min at Fast Process Corner
  Data Path Delay:        2.031ns  (logic 1.385ns (68.215%)  route 0.646ns (31.785%))
  Logic Levels:           1  (OBUF=1)
  Clock Uncertainty:      0.025ns  ((TSJ^2 + TIJ^2)^1/2 + DJ) / 2 + PE
    Total System Jitter     (TSJ):    0.050ns
    Total Input Jitter      (TIJ):    0.000ns
    Discrete Jitter          (DJ):    0.000ns
    Phase Error              (PE):    0.000ns

    Location             Delay type                Incr(ns)  Path(ns)    Netlist Resource(s)
  -------------------------------------------------------------------    -------------------
                         (clock sys_clk_pin rise edge)
                                                      0.000     0.000 r  
    E3                                                0.000     0.000 r  clk (IN)
                         net (fo=0)                   0.000     0.000    clk
    E3                   IBUF (Prop_ibuf_I_O)         0.250     0.250 r  clk_IBUF_inst/O
                         net (fo=1, routed)           0.644     0.894    clk_IBUF
    BUFGCTRL_X0Y16       BUFG (Prop_bufg_I_O)         0.026     0.920 r  clk_IBUF_BUFG_inst/O
                         net (fo=189, routed)         0.604     1.523    clk_IBUF_BUFG
    SLICE_X2Y93          FDRE                                         r  led_reg/C
  -------------------------------------------------------------------    -------------------
    SLICE_X2Y93          FDRE (Prop_fdre_C_Q)         0.164     1.687 r  led_reg/Q
                         net (fo=1, routed)           0.646     2.333    led_OBUF
    H17                  OBUF (Prop_obuf_I_O)         1.221     3.554 r  led_OBUF_inst/O
                         net (fo=0)                   0.000     3.554    led
    H17                                                               r  led (OUT)
  -------------------------------------------------------------------    -------------------

Slack:                    inf
  Source:                 mux_reg[1]/C
                            (rising edge-triggered cell FDRE clocked by sys_clk_pin  {rise@0.000ns fall@5.000ns period=10.000ns})
  Destination:            an[4]
                            (output port)
  Path Group:             (none)
  Path Type:              Min at Fast Process Corner
  Data Path Delay:        2.046ns  (logic 1.437ns (70.208%)  route 0.610ns (29.792%))
  Logic Levels:           2  (LUT3=1 OBUF=1)
  Clock Uncertainty:      0.025ns  ((TSJ^2 + TIJ^2)^1/2 + DJ) / 2 + PE
    Total System Jitter     (TSJ):    0.050ns
    Total Input Jitter      (TIJ):    0.000ns
    Discrete Jitter          (DJ):    0.000ns
    Phase Error              (PE):    0.000ns

    Location             Delay type                Incr(ns)  Path(ns)    Netlist Resource(s)
  -------------------------------------------------------------------    -------------------
                         (clock sys_clk_pin rise edge)
                                                      0.000     0.000 r  
    E3                                                0.000     0.000 r  clk (IN)
                         net (fo=0)                   0.000     0.000    clk
    E3                   IBUF (Prop_ibuf_I_O)         0.250     0.250 r  clk_IBUF_inst/O
                         net (fo=1, routed)           0.644     0.894    clk_IBUF
    BUFGCTRL_X0Y16       BUFG (Prop_bufg_I_O)         0.026     0.920 r  clk_IBUF_BUFG_inst/O
                         net (fo=189, routed)         0.602     1.521    clk_IBUF_BUFG
    SLICE_X1Y89          FDRE                                         r  mux_reg[1]/C
  -------------------------------------------------------------------    -------------------
    SLICE_X1Y89          FDRE (Prop_fdre_C_Q)         0.141     1.662 r  mux_reg[1]/Q
                         net (fo=18, routed)          0.242     1.905    mux_reg_n_0_[1]
    SLICE_X1Y89          LUT3 (Prop_lut3_I0_O)        0.045     1.950 r  an_OBUF[4]_inst_i_1/O
                         net (fo=1, routed)           0.367     2.317    an_OBUF[4]
    P14                  OBUF (Prop_obuf_I_O)         1.251     3.568 r  an_OBUF[4]_inst/O
                         net (fo=0)                   0.000     3.568    an[4]
    P14                                                               r  an[4] (OUT)
  -------------------------------------------------------------------    -------------------

Slack:                    inf
  Source:                 h_t_reg[1]/C
                            (rising edge-triggered cell FDRE clocked by sys_clk_pin  {rise@0.000ns fall@5.000ns period=10.000ns})
  Destination:            seg[0]
                            (output port)
  Path Group:             (none)
  Path Type:              Min at Fast Process Corner
  Data Path Delay:        2.286ns  (logic 1.597ns (69.870%)  route 0.689ns (30.130%))
  Logic Levels:           4  (LUT4=1 LUT6=1 MUXF7=1 OBUF=1)
  Clock Uncertainty:      0.025ns  ((TSJ^2 + TIJ^2)^1/2 + DJ) / 2 + PE
    Total System Jitter     (TSJ):    0.050ns
    Total Input Jitter      (TIJ):    0.000ns
    Discrete Jitter          (DJ):    0.000ns
    Phase Error              (PE):    0.000ns

    Location             Delay type                Incr(ns)  Path(ns)    Netlist Resource(s)
  -------------------------------------------------------------------    -------------------
                         (clock sys_clk_pin rise edge)
                                                      0.000     0.000 r  
    E3                                                0.000     0.000 r  clk (IN)
                         net (fo=0)                   0.000     0.000    clk
    E3                   IBUF (Prop_ibuf_I_O)         0.250     0.250 r  clk_IBUF_inst/O
                         net (fo=1, routed)           0.644     0.894    clk_IBUF
    BUFGCTRL_X0Y16       BUFG (Prop_bufg_I_O)         0.026     0.920 r  clk_IBUF_BUFG_inst/O
                         net (fo=189, routed)         0.602     1.521    clk_IBUF_BUFG
    SLICE_X7Y90          FDRE                                         r  h_t_reg[1]/C
  -------------------------------------------------------------------    -------------------
    SLICE_X7Y90          FDRE (Prop_fdre_C_Q)         0.141     1.662 r  h_t_reg[1]/Q
                         net (fo=5, routed)           0.155     1.817    h_t_reg[1]
    SLICE_X3Y90          LUT6 (Prop_lut6_I0_O)        0.045     1.862 r  seg_OBUF[6]_inst_i_13/O
                         net (fo=1, routed)           0.000     1.862    seg_OBUF[6]_inst_i_13_n_0
    SLICE_X3Y90          MUXF7 (Prop_muxf7_I1_O)      0.065     1.927 r  seg_OBUF[6]_inst_i_5/O
                         net (fo=7, routed)           0.206     2.132    sel0[1]
    SLICE_X1Y91          LUT4 (Prop_lut4_I3_O)        0.108     2.240 r  seg_OBUF[0]_inst_i_1/O
                         net (fo=1, routed)           0.329     2.569    seg_OBUF[0]
    L18                  OBUF (Prop_obuf_I_O)         1.238     3.807 r  seg_OBUF[0]_inst/O
                         net (fo=0)                   0.000     3.807    seg[0]
    L18                                                               r  seg[0] (OUT)
  -------------------------------------------------------------------    -------------------

Slack:                    inf
  Source:                 mux_reg[0]/C
                            (rising edge-triggered cell FDRE clocked by sys_clk_pin  {rise@0.000ns fall@5.000ns period=10.000ns})
  Destination:            an[1]
                            (output port)
  Path Group:             (none)
  Path Type:              Min at Fast Process Corner
  Data Path Delay:        2.326ns  (logic 1.422ns (61.153%)  route 0.904ns (38.847%))
  Logic Levels:           2  (LUT3=1 OBUF=1)
  Clock Uncertainty:      0.025ns  ((TSJ^2 + TIJ^2)^1/2 + DJ) / 2 + PE
    Total System Jitter     (TSJ):    0.050ns
    Total Input Jitter      (TIJ):    0.000ns
    Discrete Jitter          (DJ):    0.000ns
    Phase Error              (PE):    0.000ns

    Location             Delay type                Incr(ns)  Path(ns)    Netlist Resource(s)
  -------------------------------------------------------------------    -------------------
                         (clock sys_clk_pin rise edge)
                                                      0.000     0.000 r  
    E3                                                0.000     0.000 r  clk (IN)
                         net (fo=0)                   0.000     0.000    clk
    E3                   IBUF (Prop_ibuf_I_O)         0.250     0.250 r  clk_IBUF_inst/O
                         net (fo=1, routed)           0.644     0.894    clk_IBUF
    BUFGCTRL_X0Y16       BUFG (Prop_bufg_I_O)         0.026     0.920 r  clk_IBUF_BUFG_inst/O
                         net (fo=189, routed)         0.602     1.521    clk_IBUF_BUFG
    SLICE_X1Y89          FDRE                                         r  mux_reg[0]/C
  -------------------------------------------------------------------    -------------------
    SLICE_X1Y89          FDRE (Prop_fdre_C_Q)         0.141     1.662 f  mux_reg[0]/Q
                         net (fo=19, routed)          0.467     2.130    mux_reg_n_0_[0]
    SLICE_X1Y93          LUT3 (Prop_lut3_I2_O)        0.045     2.175 r  an_OBUF[1]_inst_i_1/O
                         net (fo=1, routed)           0.436     2.611    an_OBUF[1]
    J18                  OBUF (Prop_obuf_I_O)         1.236     3.847 r  an_OBUF[1]_inst/O
                         net (fo=0)                   0.000     3.847    an[1]
    J18                                                               r  an[1] (OUT)
  -------------------------------------------------------------------    -------------------

Slack:                    inf
  Source:                 mux_reg[1]/C
                            (rising edge-triggered cell FDRE clocked by sys_clk_pin  {rise@0.000ns fall@5.000ns period=10.000ns})
  Destination:            an[5]
                            (output port)
  Path Group:             (none)
  Path Type:              Min at Fast Process Corner
  Data Path Delay:        2.374ns  (logic 1.499ns (63.152%)  route 0.875ns (36.848%))
  Logic Levels:           2  (LUT3=1 OBUF=1)
  Clock Uncertainty:      0.025ns  ((TSJ^2 + TIJ^2)^1/2 + DJ) / 2 + PE
    Total System Jitter     (TSJ):    0.050ns
    Total Input Jitter      (TIJ):    0.000ns
    Discrete Jitter          (DJ):    0.000ns
    Phase Error              (PE):    0.000ns

    Location             Delay type                Incr(ns)  Path(ns)    Netlist Resource(s)
  -------------------------------------------------------------------    -------------------
                         (clock sys_clk_pin rise edge)
                                                      0.000     0.000 r  
    E3                                                0.000     0.000 r  clk (IN)
                         net (fo=0)                   0.000     0.000    clk
    E3                   IBUF (Prop_ibuf_I_O)         0.250     0.250 r  clk_IBUF_inst/O
                         net (fo=1, routed)           0.644     0.894    clk_IBUF
    BUFGCTRL_X0Y16       BUFG (Prop_bufg_I_O)         0.026     0.920 r  clk_IBUF_BUFG_inst/O
                         net (fo=189, routed)         0.602     1.521    clk_IBUF_BUFG
    SLICE_X1Y89          FDRE                                         r  mux_reg[1]/C
  -------------------------------------------------------------------    -------------------
    SLICE_X1Y89          FDRE (Prop_fdre_C_Q)         0.141     1.662 r  mux_reg[1]/Q
                         net (fo=18, routed)          0.242     1.905    mux_reg_n_0_[1]
    SLICE_X1Y89          LUT3 (Prop_lut3_I2_O)        0.044     1.949 r  an_OBUF[5]_inst_i_1/O
                         net (fo=1, routed)           0.632     2.581    an_OBUF[5]
    T14                  OBUF (Prop_obuf_I_O)         1.314     3.895 r  an_OBUF[5]_inst/O
                         net (fo=0)                   0.000     3.895    an[5]
    T14                                                               r  an[5] (OUT)
  -------------------------------------------------------------------    -------------------

Slack:                    inf
  Source:                 mux_reg[0]/C
                            (rising edge-triggered cell FDRE clocked by sys_clk_pin  {rise@0.000ns fall@5.000ns period=10.000ns})
  Destination:            an[0]
                            (output port)
  Path Group:             (none)
  Path Type:              Min at Fast Process Corner
  Data Path Delay:        2.404ns  (logic 1.487ns (61.878%)  route 0.916ns (38.122%))
  Logic Levels:           2  (LUT3=1 OBUF=1)
  Clock Uncertainty:      0.025ns  ((TSJ^2 + TIJ^2)^1/2 + DJ) / 2 + PE
    Total System Jitter     (TSJ):    0.050ns
    Total Input Jitter      (TIJ):    0.000ns
    Discrete Jitter          (DJ):    0.000ns
    Phase Error              (PE):    0.000ns

    Location             Delay type                Incr(ns)  Path(ns)    Netlist Resource(s)
  -------------------------------------------------------------------    -------------------
                         (clock sys_clk_pin rise edge)
                                                      0.000     0.000 r  
    E3                                                0.000     0.000 r  clk (IN)
                         net (fo=0)                   0.000     0.000    clk
    E3                   IBUF (Prop_ibuf_I_O)         0.250     0.250 r  clk_IBUF_inst/O
                         net (fo=1, routed)           0.644     0.894    clk_IBUF
    BUFGCTRL_X0Y16       BUFG (Prop_bufg_I_O)         0.026     0.920 r  clk_IBUF_BUFG_inst/O
                         net (fo=189, routed)         0.602     1.521    clk_IBUF_BUFG
    SLICE_X1Y89          FDRE                                         r  mux_reg[0]/C
  -------------------------------------------------------------------    -------------------
    SLICE_X1Y89          FDRE (Prop_fdre_C_Q)         0.141     1.662 r  mux_reg[0]/Q
                         net (fo=19, routed)          0.467     2.130    mux_reg_n_0_[0]
    SLICE_X1Y93          LUT3 (Prop_lut3_I2_O)        0.048     2.178 r  an_OBUF[0]_inst_i_1/O
                         net (fo=1, routed)           0.449     2.627    an_OBUF[0]
    J17                  OBUF (Prop_obuf_I_O)         1.298     3.925 r  an_OBUF[0]_inst/O
                         net (fo=0)                   0.000     3.925    an[0]
    J17                                                               r  an[0] (OUT)
  -------------------------------------------------------------------    -------------------

Slack:                    inf
  Source:                 h_t_reg[1]/C
                            (rising edge-triggered cell FDRE clocked by sys_clk_pin  {rise@0.000ns fall@5.000ns period=10.000ns})
  Destination:            seg[4]
                            (output port)
  Path Group:             (none)
  Path Type:              Min at Fast Process Corner
  Data Path Delay:        2.480ns  (logic 1.628ns (65.666%)  route 0.851ns (34.334%))
  Logic Levels:           4  (LUT4=1 LUT6=1 MUXF7=1 OBUF=1)
  Clock Uncertainty:      0.025ns  ((TSJ^2 + TIJ^2)^1/2 + DJ) / 2 + PE
    Total System Jitter     (TSJ):    0.050ns
    Total Input Jitter      (TIJ):    0.000ns
    Discrete Jitter          (DJ):    0.000ns
    Phase Error              (PE):    0.000ns

    Location             Delay type                Incr(ns)  Path(ns)    Netlist Resource(s)
  -------------------------------------------------------------------    -------------------
                         (clock sys_clk_pin rise edge)
                                                      0.000     0.000 r  
    E3                                                0.000     0.000 r  clk (IN)
                         net (fo=0)                   0.000     0.000    clk
    E3                   IBUF (Prop_ibuf_I_O)         0.250     0.250 r  clk_IBUF_inst/O
                         net (fo=1, routed)           0.644     0.894    clk_IBUF
    BUFGCTRL_X0Y16       BUFG (Prop_bufg_I_O)         0.026     0.920 r  clk_IBUF_BUFG_inst/O
                         net (fo=189, routed)         0.602     1.521    clk_IBUF_BUFG
    SLICE_X7Y90          FDRE                                         r  h_t_reg[1]/C
  -------------------------------------------------------------------    -------------------
    SLICE_X7Y90          FDRE (Prop_fdre_C_Q)         0.141     1.662 r  h_t_reg[1]/Q
                         net (fo=5, routed)           0.155     1.817    h_t_reg[1]
    SLICE_X3Y90          LUT6 (Prop_lut6_I0_O)        0.045     1.862 r  seg_OBUF[6]_inst_i_13/O
                         net (fo=1, routed)           0.000     1.862    seg_OBUF[6]_inst_i_13_n_0
    SLICE_X3Y90          MUXF7 (Prop_muxf7_I1_O)      0.065     1.927 r  seg_OBUF[6]_inst_i_5/O
                         net (fo=7, routed)           0.279     2.206    sel0[1]
    SLICE_X2Y93          LUT4 (Prop_lut4_I2_O)        0.110     2.316 r  seg_OBUF[4]_inst_i_1/O
                         net (fo=1, routed)           0.418     2.734    seg_OBUF[4]
    K16                  OBUF (Prop_obuf_I_O)         1.267     4.001 r  seg_OBUF[4]_inst/O
                         net (fo=0)                   0.000     4.001    seg[4]
    K16                                                               r  seg[4] (OUT)
  -------------------------------------------------------------------    -------------------

Slack:                    inf
  Source:                 mux_reg[2]/C
                            (rising edge-triggered cell FDRE clocked by sys_clk_pin  {rise@0.000ns fall@5.000ns period=10.000ns})
  Destination:            an[3]
                            (output port)
  Path Group:             (none)
  Path Type:              Min at Fast Process Corner
  Data Path Delay:        2.609ns  (logic 1.546ns (59.239%)  route 1.064ns (40.761%))
  Logic Levels:           2  (LUT3=1 OBUF=1)
  Clock Uncertainty:      0.025ns  ((TSJ^2 + TIJ^2)^1/2 + DJ) / 2 + PE
    Total System Jitter     (TSJ):    0.050ns
    Total Input Jitter      (TIJ):    0.000ns
    Discrete Jitter          (DJ):    0.000ns
    Phase Error              (PE):    0.000ns

    Location             Delay type                Incr(ns)  Path(ns)    Netlist Resource(s)
  -------------------------------------------------------------------    -------------------
                         (clock sys_clk_pin rise edge)
                                                      0.000     0.000 r  
    E3                                                0.000     0.000 r  clk (IN)
                         net (fo=0)                   0.000     0.000    clk
    E3                   IBUF (Prop_ibuf_I_O)         0.250     0.250 r  clk_IBUF_inst/O
                         net (fo=1, routed)           0.644     0.894    clk_IBUF
    BUFGCTRL_X0Y16       BUFG (Prop_bufg_I_O)         0.026     0.920 r  clk_IBUF_BUFG_inst/O
                         net (fo=189, routed)         0.602     1.521    clk_IBUF_BUFG
    SLICE_X1Y89          FDRE                                         r  mux_reg[2]/C
  -------------------------------------------------------------------    -------------------
    SLICE_X1Y89          FDRE (Prop_fdre_C_Q)         0.128     1.649 r  mux_reg[2]/Q
                         net (fo=13, routed)          0.474     2.124    mux_reg_n_0_[2]
    SLICE_X1Y93          LUT3 (Prop_lut3_I2_O)        0.098     2.222 r  an_OBUF[3]_inst_i_1/O
                         net (fo=1, routed)           0.589     2.811    an_OBUF[3]
    J14                  OBUF (Prop_obuf_I_O)         1.320     4.131 r  an_OBUF[3]_inst/O
                         net (fo=0)                   0.000     4.131    an[3]
    J14                                                               r  an[3] (OUT)
  -------------------------------------------------------------------    -------------------

Slack:                    inf
  Source:                 h_t_reg[1]/C
                            (rising edge-triggered cell FDRE clocked by sys_clk_pin  {rise@0.000ns fall@5.000ns period=10.000ns})
  Destination:            seg[2]
                            (output port)
  Path Group:             (none)
  Path Type:              Min at Fast Process Corner
  Data Path Delay:        2.640ns  (logic 1.593ns (60.358%)  route 1.047ns (39.642%))
  Logic Levels:           4  (LUT4=1 LUT6=1 MUXF7=1 OBUF=1)
  Clock Uncertainty:      0.025ns  ((TSJ^2 + TIJ^2)^1/2 + DJ) / 2 + PE
    Total System Jitter     (TSJ):    0.050ns
    Total Input Jitter      (TIJ):    0.000ns
    Discrete Jitter          (DJ):    0.000ns
    Phase Error              (PE):    0.000ns

    Location             Delay type                Incr(ns)  Path(ns)    Netlist Resource(s)
  -------------------------------------------------------------------    -------------------
                         (clock sys_clk_pin rise edge)
                                                      0.000     0.000 r  
    E3                                                0.000     0.000 r  clk (IN)
                         net (fo=0)                   0.000     0.000    clk
    E3                   IBUF (Prop_ibuf_I_O)         0.250     0.250 r  clk_IBUF_inst/O
                         net (fo=1, routed)           0.644     0.894    clk_IBUF
    BUFGCTRL_X0Y16       BUFG (Prop_bufg_I_O)         0.026     0.920 r  clk_IBUF_BUFG_inst/O
                         net (fo=189, routed)         0.602     1.521    clk_IBUF_BUFG
    SLICE_X7Y90          FDRE                                         r  h_t_reg[1]/C
  -------------------------------------------------------------------    -------------------
    SLICE_X7Y90          FDRE (Prop_fdre_C_Q)         0.141     1.662 r  h_t_reg[1]/Q
                         net (fo=5, routed)           0.155     1.817    h_t_reg[1]
    SLICE_X3Y90          LUT6 (Prop_lut6_I0_O)        0.045     1.862 r  seg_OBUF[6]_inst_i_13/O
                         net (fo=1, routed)           0.000     1.862    seg_OBUF[6]_inst_i_13_n_0
    SLICE_X3Y90          MUXF7 (Prop_muxf7_I1_O)      0.065     1.927 r  seg_OBUF[6]_inst_i_5/O
                         net (fo=7, routed)           0.279     2.206    sel0[1]
    SLICE_X2Y93          LUT4 (Prop_lut4_I1_O)        0.108     2.314 r  seg_OBUF[2]_inst_i_1/O
                         net (fo=1, routed)           0.613     2.927    seg_OBUF[2]
    P15                  OBUF (Prop_obuf_I_O)         1.234     4.161 r  seg_OBUF[2]_inst/O
                         net (fo=0)                   0.000     4.161    seg[2]
    P15                                                               r  seg[2] (OUT)
  -------------------------------------------------------------------    -------------------

Slack:                    inf
  Source:                 h_t_reg[1]/C
                            (rising edge-triggered cell FDRE clocked by sys_clk_pin  {rise@0.000ns fall@5.000ns period=10.000ns})
  Destination:            seg[3]
                            (output port)
  Path Group:             (none)
  Path Type:              Min at Fast Process Corner
  Data Path Delay:        2.645ns  (logic 1.610ns (60.859%)  route 1.035ns (39.141%))
  Logic Levels:           4  (LUT4=1 LUT6=1 MUXF7=1 OBUF=1)
  Clock Uncertainty:      0.025ns  ((TSJ^2 + TIJ^2)^1/2 + DJ) / 2 + PE
    Total System Jitter     (TSJ):    0.050ns
    Total Input Jitter      (TIJ):    0.000ns
    Discrete Jitter          (DJ):    0.000ns
    Phase Error              (PE):    0.000ns

    Location             Delay type                Incr(ns)  Path(ns)    Netlist Resource(s)
  -------------------------------------------------------------------    -------------------
                         (clock sys_clk_pin rise edge)
                                                      0.000     0.000 r  
    E3                                                0.000     0.000 r  clk (IN)
                         net (fo=0)                   0.000     0.000    clk
    E3                   IBUF (Prop_ibuf_I_O)         0.250     0.250 r  clk_IBUF_inst/O
                         net (fo=1, routed)           0.644     0.894    clk_IBUF
    BUFGCTRL_X0Y16       BUFG (Prop_bufg_I_O)         0.026     0.920 r  clk_IBUF_BUFG_inst/O
                         net (fo=189, routed)         0.602     1.521    clk_IBUF_BUFG
    SLICE_X7Y90          FDRE                                         r  h_t_reg[1]/C
  -------------------------------------------------------------------    -------------------
    SLICE_X7Y90          FDRE (Prop_fdre_C_Q)         0.141     1.662 r  h_t_reg[1]/Q
                         net (fo=5, routed)           0.155     1.817    h_t_reg[1]
    SLICE_X3Y90          LUT6 (Prop_lut6_I0_O)        0.045     1.862 r  seg_OBUF[6]_inst_i_13/O
                         net (fo=1, routed)           0.000     1.862    seg_OBUF[6]_inst_i_13_n_0
    SLICE_X3Y90          MUXF7 (Prop_muxf7_I1_O)      0.065     1.927 r  seg_OBUF[6]_inst_i_5/O
                         net (fo=7, routed)           0.266     2.193    sel0[1]
    SLICE_X1Y93          LUT4 (Prop_lut4_I3_O)        0.108     2.301 r  seg_OBUF[3]_inst_i_1/O
                         net (fo=1, routed)           0.615     2.916    seg_OBUF[3]
    K13                  OBUF (Prop_obuf_I_O)         1.251     4.167 r  seg_OBUF[3]_inst/O
                         net (fo=0)                   0.000     4.167    seg[3]
    K13                                                               r  seg[3] (OUT)
  -------------------------------------------------------------------    -------------------





--------------------------------------------------------------------------------------
Path Group:  (none)
From Clock:  
  To Clock:  sys_clk_pin

Max Delay           110 Endpoints
Min Delay           110 Endpoints
--------------------------------------------------------------------------------------


Max Delay Paths
--------------------------------------------------------------------------------------
Slack:                    inf
  Source:                 rstH
                            (input port)
  Destination:            db_cnt_rH_reg[0]/R
                            (rising edge-triggered cell FDRE clocked by sys_clk_pin  {rise@0.000ns fall@5.000ns period=10.000ns})
  Path Group:             (none)
  Path Type:              Setup (Max at Slow Process Corner)
  Data Path Delay:        3.960ns  (logic 1.602ns (40.441%)  route 2.359ns (59.559%))
  Logic Levels:           2  (IBUF=1 LUT1=1)
  Clock Path Skew:        5.023ns (DCD - SCD + CPR)
    Destination Clock Delay (DCD):    5.023ns
    Source Clock Delay      (SCD):    0.000ns
    Clock Pessimism Removal (CPR):    0.000ns
  Clock Uncertainty:      0.025ns  ((TSJ^2 + TIJ^2)^1/2 + DJ) / 2 + PE
    Total System Jitter     (TSJ):    0.050ns
    Total Input Jitter      (TIJ):    0.000ns
    Discrete Jitter          (DJ):    0.000ns
    Phase Error              (PE):    0.000ns

    Location             Delay type                Incr(ns)  Path(ns)    Netlist Resource(s)
  -------------------------------------------------------------------    -------------------
    J15                                               0.000     0.000 f  rstH (IN)
                         net (fo=0)                   0.000     0.000    rstH
    J15                  IBUF (Prop_ibuf_I_O)         1.478     1.478 f  rstH_IBUF_inst/O
                         net (fo=3, routed)           1.437     2.914    rstH_IBUF
    SLICE_X4Y88          LUT1 (Prop_lut1_I0_O)        0.124     3.038 r  st_rH_i_1/O
                         net (fo=20, routed)          0.922     3.960    st_rH_i_1_n_0
    SLICE_X2Y85          FDRE                                         r  db_cnt_rH_reg[0]/R
  -------------------------------------------------------------------    -------------------

                         (clock sys_clk_pin rise edge)
                                                      0.000     0.000 r  
    E3                                                0.000     0.000 r  clk (IN)
                         net (fo=0)                   0.000     0.000    clk
    E3                   IBUF (Prop_ibuf_I_O)         1.411     1.411 r  clk_IBUF_inst/O
                         net (fo=1, routed)           1.920     3.331    clk_IBUF
    BUFGCTRL_X0Y16       BUFG (Prop_bufg_I_O)         0.091     3.422 r  clk_IBUF_BUFG_inst/O
                         net (fo=189, routed)         1.600     5.023    clk_IBUF_BUFG
    SLICE_X2Y85          FDRE                                         r  db_cnt_rH_reg[0]/C

Slack:                    inf
  Source:                 rstH
                            (input port)
  Destination:            db_cnt_rH_reg[1]/R
                            (rising edge-triggered cell FDRE clocked by sys_clk_pin  {rise@0.000ns fall@5.000ns period=10.000ns})
  Path Group:             (none)
  Path Type:              Setup (Max at Slow Process Corner)
  Data Path Delay:        3.960ns  (logic 1.602ns (40.441%)  route 2.359ns (59.559%))
  Logic Levels:           2  (IBUF=1 LUT1=1)
  Clock Path Skew:        5.023ns (DCD - SCD + CPR)
    Destination Clock Delay (DCD):    5.023ns
    Source Clock Delay      (SCD):    0.000ns
    Clock Pessimism Removal (CPR):    0.000ns
  Clock Uncertainty:      0.025ns  ((TSJ^2 + TIJ^2)^1/2 + DJ) / 2 + PE
    Total System Jitter     (TSJ):    0.050ns
    Total Input Jitter      (TIJ):    0.000ns
    Discrete Jitter          (DJ):    0.000ns
    Phase Error              (PE):    0.000ns

    Location             Delay type                Incr(ns)  Path(ns)    Netlist Resource(s)
  -------------------------------------------------------------------    -------------------
    J15                                               0.000     0.000 f  rstH (IN)
                         net (fo=0)                   0.000     0.000    rstH
    J15                  IBUF (Prop_ibuf_I_O)         1.478     1.478 f  rstH_IBUF_inst/O
                         net (fo=3, routed)           1.437     2.914    rstH_IBUF
    SLICE_X4Y88          LUT1 (Prop_lut1_I0_O)        0.124     3.038 r  st_rH_i_1/O
                         net (fo=20, routed)          0.922     3.960    st_rH_i_1_n_0
    SLICE_X2Y85          FDRE                                         r  db_cnt_rH_reg[1]/R
  -------------------------------------------------------------------    -------------------

                         (clock sys_clk_pin rise edge)
                                                      0.000     0.000 r  
    E3                                                0.000     0.000 r  clk (IN)
                         net (fo=0)                   0.000     0.000    clk
    E3                   IBUF (Prop_ibuf_I_O)         1.411     1.411 r  clk_IBUF_inst/O
                         net (fo=1, routed)           1.920     3.331    clk_IBUF
    BUFGCTRL_X0Y16       BUFG (Prop_bufg_I_O)         0.091     3.422 r  clk_IBUF_BUFG_inst/O
                         net (fo=189, routed)         1.600     5.023    clk_IBUF_BUFG
    SLICE_X2Y85          FDRE                                         r  db_cnt_rH_reg[1]/C

Slack:                    inf
  Source:                 rstH
                            (input port)
  Destination:            db_cnt_rH_reg[2]/R
                            (rising edge-triggered cell FDRE clocked by sys_clk_pin  {rise@0.000ns fall@5.000ns period=10.000ns})
  Path Group:             (none)
  Path Type:              Setup (Max at Slow Process Corner)
  Data Path Delay:        3.960ns  (logic 1.602ns (40.441%)  route 2.359ns (59.559%))
  Logic Levels:           2  (IBUF=1 LUT1=1)
  Clock Path Skew:        5.023ns (DCD - SCD + CPR)
    Destination Clock Delay (DCD):    5.023ns
    Source Clock Delay      (SCD):    0.000ns
    Clock Pessimism Removal (CPR):    0.000ns
  Clock Uncertainty:      0.025ns  ((TSJ^2 + TIJ^2)^1/2 + DJ) / 2 + PE
    Total System Jitter     (TSJ):    0.050ns
    Total Input Jitter      (TIJ):    0.000ns
    Discrete Jitter          (DJ):    0.000ns
    Phase Error              (PE):    0.000ns

    Location             Delay type                Incr(ns)  Path(ns)    Netlist Resource(s)
  -------------------------------------------------------------------    -------------------
    J15                                               0.000     0.000 f  rstH (IN)
                         net (fo=0)                   0.000     0.000    rstH
    J15                  IBUF (Prop_ibuf_I_O)         1.478     1.478 f  rstH_IBUF_inst/O
                         net (fo=3, routed)           1.437     2.914    rstH_IBUF
    SLICE_X4Y88          LUT1 (Prop_lut1_I0_O)        0.124     3.038 r  st_rH_i_1/O
                         net (fo=20, routed)          0.922     3.960    st_rH_i_1_n_0
    SLICE_X2Y85          FDRE                                         r  db_cnt_rH_reg[2]/R
  -------------------------------------------------------------------    -------------------

                         (clock sys_clk_pin rise edge)
                                                      0.000     0.000 r  
    E3                                                0.000     0.000 r  clk (IN)
                         net (fo=0)                   0.000     0.000    clk
    E3                   IBUF (Prop_ibuf_I_O)         1.411     1.411 r  clk_IBUF_inst/O
                         net (fo=1, routed)           1.920     3.331    clk_IBUF
    BUFGCTRL_X0Y16       BUFG (Prop_bufg_I_O)         0.091     3.422 r  clk_IBUF_BUFG_inst/O
                         net (fo=189, routed)         1.600     5.023    clk_IBUF_BUFG
    SLICE_X2Y85          FDRE                                         r  db_cnt_rH_reg[2]/C

Slack:                    inf
  Source:                 rstH
                            (input port)
  Destination:            db_cnt_rH_reg[3]/R
                            (rising edge-triggered cell FDRE clocked by sys_clk_pin  {rise@0.000ns fall@5.000ns period=10.000ns})
  Path Group:             (none)
  Path Type:              Setup (Max at Slow Process Corner)
  Data Path Delay:        3.960ns  (logic 1.602ns (40.441%)  route 2.359ns (59.559%))
  Logic Levels:           2  (IBUF=1 LUT1=1)
  Clock Path Skew:        5.023ns (DCD - SCD + CPR)
    Destination Clock Delay (DCD):    5.023ns
    Source Clock Delay      (SCD):    0.000ns
    Clock Pessimism Removal (CPR):    0.000ns
  Clock Uncertainty:      0.025ns  ((TSJ^2 + TIJ^2)^1/2 + DJ) / 2 + PE
    Total System Jitter     (TSJ):    0.050ns
    Total Input Jitter      (TIJ):    0.000ns
    Discrete Jitter          (DJ):    0.000ns
    Phase Error              (PE):    0.000ns

    Location             Delay type                Incr(ns)  Path(ns)    Netlist Resource(s)
  -------------------------------------------------------------------    -------------------
    J15                                               0.000     0.000 f  rstH (IN)
                         net (fo=0)                   0.000     0.000    rstH
    J15                  IBUF (Prop_ibuf_I_O)         1.478     1.478 f  rstH_IBUF_inst/O
                         net (fo=3, routed)           1.437     2.914    rstH_IBUF
    SLICE_X4Y88          LUT1 (Prop_lut1_I0_O)        0.124     3.038 r  st_rH_i_1/O
                         net (fo=20, routed)          0.922     3.960    st_rH_i_1_n_0
    SLICE_X2Y85          FDRE                                         r  db_cnt_rH_reg[3]/R
  -------------------------------------------------------------------    -------------------

                         (clock sys_clk_pin rise edge)
                                                      0.000     0.000 r  
    E3                                                0.000     0.000 r  clk (IN)
                         net (fo=0)                   0.000     0.000    clk
    E3                   IBUF (Prop_ibuf_I_O)         1.411     1.411 r  clk_IBUF_inst/O
                         net (fo=1, routed)           1.920     3.331    clk_IBUF
    BUFGCTRL_X0Y16       BUFG (Prop_bufg_I_O)         0.091     3.422 r  clk_IBUF_BUFG_inst/O
                         net (fo=189, routed)         1.600     5.023    clk_IBUF_BUFG
    SLICE_X2Y85          FDRE                                         r  db_cnt_rH_reg[3]/C

Slack:                    inf
  Source:                 btnG
                            (input port)
  Destination:            db_cnt_G_reg[16]/R
                            (rising edge-triggered cell FDRE clocked by sys_clk_pin  {rise@0.000ns fall@5.000ns period=10.000ns})
  Path Group:             (none)
  Path Type:              Setup (Max at Slow Process Corner)
  Data Path Delay:        3.939ns  (logic 1.604ns (40.721%)  route 2.335ns (59.279%))
  Logic Levels:           2  (IBUF=1 LUT1=1)
  Clock Path Skew:        5.026ns (DCD - SCD + CPR)
    Destination Clock Delay (DCD):    5.026ns
    Source Clock Delay      (SCD):    0.000ns
    Clock Pessimism Removal (CPR):    0.000ns
  Clock Uncertainty:      0.025ns  ((TSJ^2 + TIJ^2)^1/2 + DJ) / 2 + PE
    Total System Jitter     (TSJ):    0.050ns
    Total Input Jitter      (TIJ):    0.000ns
    Discrete Jitter          (DJ):    0.000ns
    Phase Error              (PE):    0.000ns

    Location             Delay type                Incr(ns)  Path(ns)    Netlist Resource(s)
  -------------------------------------------------------------------    -------------------
    P18                                               0.000     0.000 f  btnG (IN)
                         net (fo=0)                   0.000     0.000    btnG
    P18                  IBUF (Prop_ibuf_I_O)         1.480     1.480 f  btnG_IBUF_inst/O
                         net (fo=3, routed)           1.522     3.002    btnG_IBUF
    SLICE_X7Y92          LUT1 (Prop_lut1_I0_O)        0.124     3.126 r  st_G_i_1/O
                         net (fo=20, routed)          0.813     3.939    st_G_i_1_n_0
    SLICE_X4Y95          FDRE                                         r  db_cnt_G_reg[16]/R
  -------------------------------------------------------------------    -------------------

                         (clock sys_clk_pin rise edge)
                                                      0.000     0.000 r  
    E3                                                0.000     0.000 r  clk (IN)
                         net (fo=0)                   0.000     0.000    clk
    E3                   IBUF (Prop_ibuf_I_O)         1.411     1.411 r  clk_IBUF_inst/O
                         net (fo=1, routed)           1.920     3.331    clk_IBUF
    BUFGCTRL_X0Y16       BUFG (Prop_bufg_I_O)         0.091     3.422 r  clk_IBUF_BUFG_inst/O
                         net (fo=189, routed)         1.603     5.026    clk_IBUF_BUFG
    SLICE_X4Y95          FDRE                                         r  db_cnt_G_reg[16]/C

Slack:                    inf
  Source:                 btnG
                            (input port)
  Destination:            db_cnt_G_reg[17]/R
                            (rising edge-triggered cell FDRE clocked by sys_clk_pin  {rise@0.000ns fall@5.000ns period=10.000ns})
  Path Group:             (none)
  Path Type:              Setup (Max at Slow Process Corner)
  Data Path Delay:        3.939ns  (logic 1.604ns (40.721%)  route 2.335ns (59.279%))
  Logic Levels:           2  (IBUF=1 LUT1=1)
  Clock Path Skew:        5.026ns (DCD - SCD + CPR)
    Destination Clock Delay (DCD):    5.026ns
    Source Clock Delay      (SCD):    0.000ns
    Clock Pessimism Removal (CPR):    0.000ns
  Clock Uncertainty:      0.025ns  ((TSJ^2 + TIJ^2)^1/2 + DJ) / 2 + PE
    Total System Jitter     (TSJ):    0.050ns
    Total Input Jitter      (TIJ):    0.000ns
    Discrete Jitter          (DJ):    0.000ns
    Phase Error              (PE):    0.000ns

    Location             Delay type                Incr(ns)  Path(ns)    Netlist Resource(s)
  -------------------------------------------------------------------    -------------------
    P18                                               0.000     0.000 f  btnG (IN)
                         net (fo=0)                   0.000     0.000    btnG
    P18                  IBUF (Prop_ibuf_I_O)         1.480     1.480 f  btnG_IBUF_inst/O
                         net (fo=3, routed)           1.522     3.002    btnG_IBUF
    SLICE_X7Y92          LUT1 (Prop_lut1_I0_O)        0.124     3.126 r  st_G_i_1/O
                         net (fo=20, routed)          0.813     3.939    st_G_i_1_n_0
    SLICE_X4Y95          FDRE                                         r  db_cnt_G_reg[17]/R
  -------------------------------------------------------------------    -------------------

                         (clock sys_clk_pin rise edge)
                                                      0.000     0.000 r  
    E3                                                0.000     0.000 r  clk (IN)
                         net (fo=0)                   0.000     0.000    clk
    E3                   IBUF (Prop_ibuf_I_O)         1.411     1.411 r  clk_IBUF_inst/O
                         net (fo=1, routed)           1.920     3.331    clk_IBUF
    BUFGCTRL_X0Y16       BUFG (Prop_bufg_I_O)         0.091     3.422 r  clk_IBUF_BUFG_inst/O
                         net (fo=189, routed)         1.603     5.026    clk_IBUF_BUFG
    SLICE_X4Y95          FDRE                                         r  db_cnt_G_reg[17]/C

Slack:                    inf
  Source:                 btnG
                            (input port)
  Destination:            db_cnt_G_reg[18]/R
                            (rising edge-triggered cell FDRE clocked by sys_clk_pin  {rise@0.000ns fall@5.000ns period=10.000ns})
  Path Group:             (none)
  Path Type:              Setup (Max at Slow Process Corner)
  Data Path Delay:        3.939ns  (logic 1.604ns (40.721%)  route 2.335ns (59.279%))
  Logic Levels:           2  (IBUF=1 LUT1=1)
  Clock Path Skew:        5.026ns (DCD - SCD + CPR)
    Destination Clock Delay (DCD):    5.026ns
    Source Clock Delay      (SCD):    0.000ns
    Clock Pessimism Removal (CPR):    0.000ns
  Clock Uncertainty:      0.025ns  ((TSJ^2 + TIJ^2)^1/2 + DJ) / 2 + PE
    Total System Jitter     (TSJ):    0.050ns
    Total Input Jitter      (TIJ):    0.000ns
    Discrete Jitter          (DJ):    0.000ns
    Phase Error              (PE):    0.000ns

    Location             Delay type                Incr(ns)  Path(ns)    Netlist Resource(s)
  -------------------------------------------------------------------    -------------------
    P18                                               0.000     0.000 f  btnG (IN)
                         net (fo=0)                   0.000     0.000    btnG
    P18                  IBUF (Prop_ibuf_I_O)         1.480     1.480 f  btnG_IBUF_inst/O
                         net (fo=3, routed)           1.522     3.002    btnG_IBUF
    SLICE_X7Y92          LUT1 (Prop_lut1_I0_O)        0.124     3.126 r  st_G_i_1/O
                         net (fo=20, routed)          0.813     3.939    st_G_i_1_n_0
    SLICE_X4Y95          FDRE                                         r  db_cnt_G_reg[18]/R
  -------------------------------------------------------------------    -------------------

                         (clock sys_clk_pin rise edge)
                                                      0.000     0.000 r  
    E3                                                0.000     0.000 r  clk (IN)
                         net (fo=0)                   0.000     0.000    clk
    E3                   IBUF (Prop_ibuf_I_O)         1.411     1.411 r  clk_IBUF_inst/O
                         net (fo=1, routed)           1.920     3.331    clk_IBUF
    BUFGCTRL_X0Y16       BUFG (Prop_bufg_I_O)         0.091     3.422 r  clk_IBUF_BUFG_inst/O
                         net (fo=189, routed)         1.603     5.026    clk_IBUF_BUFG
    SLICE_X4Y95          FDRE                                         r  db_cnt_G_reg[18]/C

Slack:                    inf
  Source:                 rstG
                            (input port)
  Destination:            db_cnt_rG_reg[12]/R
                            (rising edge-triggered cell FDRE clocked by sys_clk_pin  {rise@0.000ns fall@5.000ns period=10.000ns})
  Path Group:             (none)
  Path Type:              Setup (Max at Slow Process Corner)
  Data Path Delay:        3.936ns  (logic 1.604ns (40.744%)  route 2.332ns (59.256%))
  Logic Levels:           2  (IBUF=1 LUT1=1)
  Clock Path Skew:        5.024ns (DCD - SCD + CPR)
    Destination Clock Delay (DCD):    5.024ns
    Source Clock Delay      (SCD):    0.000ns
    Clock Pessimism Removal (CPR):    0.000ns
  Clock Uncertainty:      0.025ns  ((TSJ^2 + TIJ^2)^1/2 + DJ) / 2 + PE
    Total System Jitter     (TSJ):    0.050ns
    Total Input Jitter      (TIJ):    0.000ns
    Discrete Jitter          (DJ):    0.000ns
    Phase Error              (PE):    0.000ns

    Location             Delay type                Incr(ns)  Path(ns)    Netlist Resource(s)
  -------------------------------------------------------------------    -------------------
    L16                                               0.000     0.000 f  rstG (IN)
                         net (fo=0)                   0.000     0.000    rstG
    L16                  IBUF (Prop_ibuf_I_O)         1.480     1.480 f  rstG_IBUF_inst/O
                         net (fo=3, routed)           1.451     2.930    rstG_IBUF
    SLICE_X4Y89          LUT1 (Prop_lut1_I0_O)        0.124     3.054 r  st_rG_i_1/O
                         net (fo=20, routed)          0.882     3.936    clear
    SLICE_X5Y89          FDRE                                         r  db_cnt_rG_reg[12]/R
  -------------------------------------------------------------------    -------------------

                         (clock sys_clk_pin rise edge)
                                                      0.000     0.000 r  
    E3                                                0.000     0.000 r  clk (IN)
                         net (fo=0)                   0.000     0.000    clk
    E3                   IBUF (Prop_ibuf_I_O)         1.411     1.411 r  clk_IBUF_inst/O
                         net (fo=1, routed)           1.920     3.331    clk_IBUF
    BUFGCTRL_X0Y16       BUFG (Prop_bufg_I_O)         0.091     3.422 r  clk_IBUF_BUFG_inst/O
                         net (fo=189, routed)         1.601     5.024    clk_IBUF_BUFG
    SLICE_X5Y89          FDRE                                         r  db_cnt_rG_reg[12]/C

Slack:                    inf
  Source:                 rstG
                            (input port)
  Destination:            db_cnt_rG_reg[13]/R
                            (rising edge-triggered cell FDRE clocked by sys_clk_pin  {rise@0.000ns fall@5.000ns period=10.000ns})
  Path Group:             (none)
  Path Type:              Setup (Max at Slow Process Corner)
  Data Path Delay:        3.936ns  (logic 1.604ns (40.744%)  route 2.332ns (59.256%))
  Logic Levels:           2  (IBUF=1 LUT1=1)
  Clock Path Skew:        5.024ns (DCD - SCD + CPR)
    Destination Clock Delay (DCD):    5.024ns
    Source Clock Delay      (SCD):    0.000ns
    Clock Pessimism Removal (CPR):    0.000ns
  Clock Uncertainty:      0.025ns  ((TSJ^2 + TIJ^2)^1/2 + DJ) / 2 + PE
    Total System Jitter     (TSJ):    0.050ns
    Total Input Jitter      (TIJ):    0.000ns
    Discrete Jitter          (DJ):    0.000ns
    Phase Error              (PE):    0.000ns

    Location             Delay type                Incr(ns)  Path(ns)    Netlist Resource(s)
  -------------------------------------------------------------------    -------------------
    L16                                               0.000     0.000 f  rstG (IN)
                         net (fo=0)                   0.000     0.000    rstG
    L16                  IBUF (Prop_ibuf_I_O)         1.480     1.480 f  rstG_IBUF_inst/O
                         net (fo=3, routed)           1.451     2.930    rstG_IBUF
    SLICE_X4Y89          LUT1 (Prop_lut1_I0_O)        0.124     3.054 r  st_rG_i_1/O
                         net (fo=20, routed)          0.882     3.936    clear
    SLICE_X5Y89          FDRE                                         r  db_cnt_rG_reg[13]/R
  -------------------------------------------------------------------    -------------------

                         (clock sys_clk_pin rise edge)
                                                      0.000     0.000 r  
    E3                                                0.000     0.000 r  clk (IN)
                         net (fo=0)                   0.000     0.000    clk
    E3                   IBUF (Prop_ibuf_I_O)         1.411     1.411 r  clk_IBUF_inst/O
                         net (fo=1, routed)           1.920     3.331    clk_IBUF
    BUFGCTRL_X0Y16       BUFG (Prop_bufg_I_O)         0.091     3.422 r  clk_IBUF_BUFG_inst/O
                         net (fo=189, routed)         1.601     5.024    clk_IBUF_BUFG
    SLICE_X5Y89          FDRE                                         r  db_cnt_rG_reg[13]/C

Slack:                    inf
  Source:                 rstG
                            (input port)
  Destination:            db_cnt_rG_reg[14]/R
                            (rising edge-triggered cell FDRE clocked by sys_clk_pin  {rise@0.000ns fall@5.000ns period=10.000ns})
  Path Group:             (none)
  Path Type:              Setup (Max at Slow Process Corner)
  Data Path Delay:        3.936ns  (logic 1.604ns (40.744%)  route 2.332ns (59.256%))
  Logic Levels:           2  (IBUF=1 LUT1=1)
  Clock Path Skew:        5.024ns (DCD - SCD + CPR)
    Destination Clock Delay (DCD):    5.024ns
    Source Clock Delay      (SCD):    0.000ns
    Clock Pessimism Removal (CPR):    0.000ns
  Clock Uncertainty:      0.025ns  ((TSJ^2 + TIJ^2)^1/2 + DJ) / 2 + PE
    Total System Jitter     (TSJ):    0.050ns
    Total Input Jitter      (TIJ):    0.000ns
    Discrete Jitter          (DJ):    0.000ns
    Phase Error              (PE):    0.000ns

    Location             Delay type                Incr(ns)  Path(ns)    Netlist Resource(s)
  -------------------------------------------------------------------    -------------------
    L16                                               0.000     0.000 f  rstG (IN)
                         net (fo=0)                   0.000     0.000    rstG
    L16                  IBUF (Prop_ibuf_I_O)         1.480     1.480 f  rstG_IBUF_inst/O
                         net (fo=3, routed)           1.451     2.930    rstG_IBUF
    SLICE_X4Y89          LUT1 (Prop_lut1_I0_O)        0.124     3.054 r  st_rG_i_1/O
                         net (fo=20, routed)          0.882     3.936    clear
    SLICE_X5Y89          FDRE                                         r  db_cnt_rG_reg[14]/R
  -------------------------------------------------------------------    -------------------

                         (clock sys_clk_pin rise edge)
                                                      0.000     0.000 r  
    E3                                                0.000     0.000 r  clk (IN)
                         net (fo=0)                   0.000     0.000    clk
    E3                   IBUF (Prop_ibuf_I_O)         1.411     1.411 r  clk_IBUF_inst/O
                         net (fo=1, routed)           1.920     3.331    clk_IBUF
    BUFGCTRL_X0Y16       BUFG (Prop_bufg_I_O)         0.091     3.422 r  clk_IBUF_BUFG_inst/O
                         net (fo=189, routed)         1.601     5.024    clk_IBUF_BUFG
    SLICE_X5Y89          FDRE                                         r  db_cnt_rG_reg[14]/C





Min Delay Paths
--------------------------------------------------------------------------------------
Slack:                    inf
  Source:                 rstT
                            (input port)
  Destination:            st_rT_reg/D
                            (rising edge-triggered cell FDRE clocked by sys_clk_pin  {rise@0.000ns fall@5.000ns period=10.000ns})
  Path Group:             (none)
  Path Type:              Hold (Min at Fast Process Corner)
  Data Path Delay:        0.726ns  (logic 0.244ns (33.678%)  route 0.481ns (66.322%))
  Logic Levels:           1  (IBUF=1)
  Clock Path Skew:        2.042ns (DCD - SCD - CPR)
    Destination Clock Delay (DCD):    2.042ns
    Source Clock Delay      (SCD):    0.000ns
    Clock Pessimism Removal (CPR):    -0.000ns

    Location             Delay type                Incr(ns)  Path(ns)    Netlist Resource(s)
  -------------------------------------------------------------------    -------------------
    N17                                               0.000     0.000 r  rstT (IN)
                         net (fo=0)                   0.000     0.000    rstT
    N17                  IBUF (Prop_ibuf_I_O)         0.244     0.244 r  rstT_IBUF_inst/O
                         net (fo=3, routed)           0.481     0.726    rstT_IBUF
    SLICE_X1Y93          FDRE                                         r  st_rT_reg/D
  -------------------------------------------------------------------    -------------------

                         (clock sys_clk_pin rise edge)
                                                      0.000     0.000 r  
    E3                                                0.000     0.000 r  clk (IN)
                         net (fo=0)                   0.000     0.000    clk
    E3                   IBUF (Prop_ibuf_I_O)         0.438     0.438 r  clk_IBUF_inst/O
                         net (fo=1, routed)           0.699     1.136    clk_IBUF
    BUFGCTRL_X0Y16       BUFG (Prop_bufg_I_O)         0.029     1.165 r  clk_IBUF_BUFG_inst/O
                         net (fo=189, routed)         0.877     2.042    clk_IBUF_BUFG
    SLICE_X1Y93          FDRE                                         r  st_rT_reg/C

Slack:                    inf
  Source:                 rstG
                            (input port)
  Destination:            st_rG_reg/D
                            (rising edge-triggered cell FDRE clocked by sys_clk_pin  {rise@0.000ns fall@5.000ns period=10.000ns})
  Path Group:             (none)
  Path Type:              Hold (Min at Fast Process Corner)
  Data Path Delay:        0.730ns  (logic 0.247ns (33.898%)  route 0.482ns (66.102%))
  Logic Levels:           1  (IBUF=1)
  Clock Path Skew:        2.038ns (DCD - SCD - CPR)
    Destination Clock Delay (DCD):    2.038ns
    Source Clock Delay      (SCD):    0.000ns
    Clock Pessimism Removal (CPR):    -0.000ns

    Location             Delay type                Incr(ns)  Path(ns)    Netlist Resource(s)
  -------------------------------------------------------------------    -------------------
    L16                                               0.000     0.000 r  rstG (IN)
                         net (fo=0)                   0.000     0.000    rstG
    L16                  IBUF (Prop_ibuf_I_O)         0.247     0.247 r  rstG_IBUF_inst/O
                         net (fo=3, routed)           0.482     0.730    rstG_IBUF
    SLICE_X4Y90          FDRE                                         r  st_rG_reg/D
  -------------------------------------------------------------------    -------------------

                         (clock sys_clk_pin rise edge)
                                                      0.000     0.000 r  
    E3                                                0.000     0.000 r  clk (IN)
                         net (fo=0)                   0.000     0.000    clk
    E3                   IBUF (Prop_ibuf_I_O)         0.438     0.438 r  clk_IBUF_inst/O
                         net (fo=1, routed)           0.699     1.136    clk_IBUF
    BUFGCTRL_X0Y16       BUFG (Prop_bufg_I_O)         0.029     1.165 r  clk_IBUF_BUFG_inst/O
                         net (fo=189, routed)         0.873     2.038    clk_IBUF_BUFG
    SLICE_X4Y90          FDRE                                         r  st_rG_reg/C

Slack:                    inf
  Source:                 rstG
                            (input port)
  Destination:            pRstG_reg/D
                            (rising edge-triggered cell FDRE clocked by sys_clk_pin  {rise@0.000ns fall@5.000ns period=10.000ns})
  Path Group:             (none)
  Path Type:              Hold (Min at Fast Process Corner)
  Data Path Delay:        0.801ns  (logic 0.292ns (36.512%)  route 0.508ns (63.488%))
  Logic Levels:           2  (IBUF=1 LUT3=1)
  Clock Path Skew:        2.037ns (DCD - SCD - CPR)
    Destination Clock Delay (DCD):    2.037ns
    Source Clock Delay      (SCD):    0.000ns
    Clock Pessimism Removal (CPR):    -0.000ns

    Location             Delay type                Incr(ns)  Path(ns)    Netlist Resource(s)
  -------------------------------------------------------------------    -------------------
    L16                                               0.000     0.000 r  rstG (IN)
                         net (fo=0)                   0.000     0.000    rstG
    L16                  IBUF (Prop_ibuf_I_O)         0.247     0.247 r  rstG_IBUF_inst/O
                         net (fo=3, routed)           0.508     0.756    rstG_IBUF
    SLICE_X4Y89          LUT3 (Prop_lut3_I2_O)        0.045     0.801 r  pRstG_i_1/O
                         net (fo=1, routed)           0.000     0.801    pRstG_i_1_n_0
    SLICE_X4Y89          FDRE                                         r  pRstG_reg/D
  -------------------------------------------------------------------    -------------------

                         (clock sys_clk_pin rise edge)
                                                      0.000     0.000 r  
    E3                                                0.000     0.000 r  clk (IN)
                         net (fo=0)                   0.000     0.000    clk
    E3                   IBUF (Prop_ibuf_I_O)         0.438     0.438 r  clk_IBUF_inst/O
                         net (fo=1, routed)           0.699     1.136    clk_IBUF
    BUFGCTRL_X0Y16       BUFG (Prop_bufg_I_O)         0.029     1.165 r  clk_IBUF_BUFG_inst/O
                         net (fo=189, routed)         0.872     2.037    clk_IBUF_BUFG
    SLICE_X4Y89          FDRE                                         r  pRstG_reg/C

Slack:                    inf
  Source:                 btnG
                            (input port)
  Destination:            st_G_reg/D
                            (rising edge-triggered cell FDRE clocked by sys_clk_pin  {rise@0.000ns fall@5.000ns period=10.000ns})
  Path Group:             (none)
  Path Type:              Hold (Min at Fast Process Corner)
  Data Path Delay:        0.824ns  (logic 0.248ns (30.095%)  route 0.576ns (69.905%))
  Logic Levels:           1  (IBUF=1)
  Clock Path Skew:        2.039ns (DCD - SCD - CPR)
    Destination Clock Delay (DCD):    2.039ns
    Source Clock Delay      (SCD):    0.000ns
    Clock Pessimism Removal (CPR):    -0.000ns

    Location             Delay type                Incr(ns)  Path(ns)    Netlist Resource(s)
  -------------------------------------------------------------------    -------------------
    P18                                               0.000     0.000 r  btnG (IN)
                         net (fo=0)                   0.000     0.000    btnG
    P18                  IBUF (Prop_ibuf_I_O)         0.248     0.248 r  btnG_IBUF_inst/O
                         net (fo=3, routed)           0.576     0.824    btnG_IBUF
    SLICE_X7Y93          FDRE                                         r  st_G_reg/D
  -------------------------------------------------------------------    -------------------

                         (clock sys_clk_pin rise edge)
                                                      0.000     0.000 r  
    E3                                                0.000     0.000 r  clk (IN)
                         net (fo=0)                   0.000     0.000    clk
    E3                   IBUF (Prop_ibuf_I_O)         0.438     0.438 r  clk_IBUF_inst/O
                         net (fo=1, routed)           0.699     1.136    clk_IBUF
    BUFGCTRL_X0Y16       BUFG (Prop_bufg_I_O)         0.029     1.165 r  clk_IBUF_BUFG_inst/O
                         net (fo=189, routed)         0.874     2.039    clk_IBUF_BUFG
    SLICE_X7Y93          FDRE                                         r  st_G_reg/C

Slack:                    inf
  Source:                 rstT
                            (input port)
  Destination:            pRstT_reg/D
                            (rising edge-triggered cell FDRE clocked by sys_clk_pin  {rise@0.000ns fall@5.000ns period=10.000ns})
  Path Group:             (none)
  Path Type:              Hold (Min at Fast Process Corner)
  Data Path Delay:        0.858ns  (logic 0.289ns (33.728%)  route 0.569ns (66.272%))
  Logic Levels:           2  (IBUF=1 LUT3=1)
  Clock Path Skew:        2.042ns (DCD - SCD - CPR)
    Destination Clock Delay (DCD):    2.042ns
    Source Clock Delay      (SCD):    0.000ns
    Clock Pessimism Removal (CPR):    -0.000ns

    Location             Delay type                Incr(ns)  Path(ns)    Netlist Resource(s)
  -------------------------------------------------------------------    -------------------
    N17                                               0.000     0.000 r  rstT (IN)
                         net (fo=0)                   0.000     0.000    rstT
    N17                  IBUF (Prop_ibuf_I_O)         0.244     0.244 r  rstT_IBUF_inst/O
                         net (fo=3, routed)           0.569     0.813    rstT_IBUF
    SLICE_X3Y93          LUT3 (Prop_lut3_I2_O)        0.045     0.858 r  pRstT_i_1/O
                         net (fo=1, routed)           0.000     0.858    pRstT_i_1_n_0
    SLICE_X3Y93          FDRE                                         r  pRstT_reg/D
  -------------------------------------------------------------------    -------------------

                         (clock sys_clk_pin rise edge)
                                                      0.000     0.000 r  
    E3                                                0.000     0.000 r  clk (IN)
                         net (fo=0)                   0.000     0.000    clk
    E3                   IBUF (Prop_ibuf_I_O)         0.438     0.438 r  clk_IBUF_inst/O
                         net (fo=1, routed)           0.699     1.136    clk_IBUF
    BUFGCTRL_X0Y16       BUFG (Prop_bufg_I_O)         0.029     1.165 r  clk_IBUF_BUFG_inst/O
                         net (fo=189, routed)         0.877     2.042    clk_IBUF_BUFG
    SLICE_X3Y93          FDRE                                         r  pRstT_reg/C

Slack:                    inf
  Source:                 btnH
                            (input port)
  Destination:            st_H_reg/D
                            (rising edge-triggered cell FDRE clocked by sys_clk_pin  {rise@0.000ns fall@5.000ns period=10.000ns})
  Path Group:             (none)
  Path Type:              Hold (Min at Fast Process Corner)
  Data Path Delay:        0.871ns  (logic 0.254ns (29.100%)  route 0.618ns (70.900%))
  Logic Levels:           1  (IBUF=1)
  Clock Path Skew:        2.010ns (DCD - SCD - CPR)
    Destination Clock Delay (DCD):    2.010ns
    Source Clock Delay      (SCD):    0.000ns
    Clock Pessimism Removal (CPR):    -0.000ns

    Location             Delay type                Incr(ns)  Path(ns)    Netlist Resource(s)
  -------------------------------------------------------------------    -------------------
    M18                                               0.000     0.000 r  btnH (IN)
                         net (fo=0)                   0.000     0.000    btnH
    M18                  IBUF (Prop_ibuf_I_O)         0.254     0.254 r  btnH_IBUF_inst/O
                         net (fo=3, routed)           0.618     0.871    btnH_IBUF
    SLICE_X9Y92          FDRE                                         r  st_H_reg/D
  -------------------------------------------------------------------    -------------------

                         (clock sys_clk_pin rise edge)
                                                      0.000     0.000 r  
    E3                                                0.000     0.000 r  clk (IN)
                         net (fo=0)                   0.000     0.000    clk
    E3                   IBUF (Prop_ibuf_I_O)         0.438     0.438 r  clk_IBUF_inst/O
                         net (fo=1, routed)           0.699     1.136    clk_IBUF
    BUFGCTRL_X0Y16       BUFG (Prop_bufg_I_O)         0.029     1.165 r  clk_IBUF_BUFG_inst/O
                         net (fo=189, routed)         0.845     2.010    clk_IBUF_BUFG
    SLICE_X9Y92          FDRE                                         r  st_H_reg/C

Slack:                    inf
  Source:                 btnH
                            (input port)
  Destination:            db_cnt_H_reg[12]/R
                            (rising edge-triggered cell FDRE clocked by sys_clk_pin  {rise@0.000ns fall@5.000ns period=10.000ns})
  Path Group:             (none)
  Path Type:              Hold (Min at Fast Process Corner)
  Data Path Delay:        0.885ns  (logic 0.299ns (33.756%)  route 0.586ns (66.244%))
  Logic Levels:           2  (IBUF=1 LUT1=1)
  Clock Path Skew:        2.039ns (DCD - SCD - CPR)
    Destination Clock Delay (DCD):    2.039ns
    Source Clock Delay      (SCD):    0.000ns
    Clock Pessimism Removal (CPR):    -0.000ns

    Location             Delay type                Incr(ns)  Path(ns)    Netlist Resource(s)
  -------------------------------------------------------------------    -------------------
    M18                                               0.000     0.000 f  btnH (IN)
                         net (fo=0)                   0.000     0.000    btnH
    M18                  IBUF (Prop_ibuf_I_O)         0.254     0.254 f  btnH_IBUF_inst/O
                         net (fo=3, routed)           0.401     0.654    btnH_IBUF
    SLICE_X7Y92          LUT1 (Prop_lut1_I0_O)        0.045     0.699 r  st_H_i_1/O
                         net (fo=20, routed)          0.185     0.885    st_H_i_1_n_0
    SLICE_X6Y93          FDRE                                         r  db_cnt_H_reg[12]/R
  -------------------------------------------------------------------    -------------------

                         (clock sys_clk_pin rise edge)
                                                      0.000     0.000 r  
    E3                                                0.000     0.000 r  clk (IN)
                         net (fo=0)                   0.000     0.000    clk
    E3                   IBUF (Prop_ibuf_I_O)         0.438     0.438 r  clk_IBUF_inst/O
                         net (fo=1, routed)           0.699     1.136    clk_IBUF
    BUFGCTRL_X0Y16       BUFG (Prop_bufg_I_O)         0.029     1.165 r  clk_IBUF_BUFG_inst/O
                         net (fo=189, routed)         0.874     2.039    clk_IBUF_BUFG
    SLICE_X6Y93          FDRE                                         r  db_cnt_H_reg[12]/C

Slack:                    inf
  Source:                 btnH
                            (input port)
  Destination:            db_cnt_H_reg[13]/R
                            (rising edge-triggered cell FDRE clocked by sys_clk_pin  {rise@0.000ns fall@5.000ns period=10.000ns})
  Path Group:             (none)
  Path Type:              Hold (Min at Fast Process Corner)
  Data Path Delay:        0.885ns  (logic 0.299ns (33.756%)  route 0.586ns (66.244%))
  Logic Levels:           2  (IBUF=1 LUT1=1)
  Clock Path Skew:        2.039ns (DCD - SCD - CPR)
    Destination Clock Delay (DCD):    2.039ns
    Source Clock Delay      (SCD):    0.000ns
    Clock Pessimism Removal (CPR):    -0.000ns

    Location             Delay type                Incr(ns)  Path(ns)    Netlist Resource(s)
  -------------------------------------------------------------------    -------------------
    M18                                               0.000     0.000 f  btnH (IN)
                         net (fo=0)                   0.000     0.000    btnH
    M18                  IBUF (Prop_ibuf_I_O)         0.254     0.254 f  btnH_IBUF_inst/O
                         net (fo=3, routed)           0.401     0.654    btnH_IBUF
    SLICE_X7Y92          LUT1 (Prop_lut1_I0_O)        0.045     0.699 r  st_H_i_1/O
                         net (fo=20, routed)          0.185     0.885    st_H_i_1_n_0
    SLICE_X6Y93          FDRE                                         r  db_cnt_H_reg[13]/R
  -------------------------------------------------------------------    -------------------

                         (clock sys_clk_pin rise edge)
                                                      0.000     0.000 r  
    E3                                                0.000     0.000 r  clk (IN)
                         net (fo=0)                   0.000     0.000    clk
    E3                   IBUF (Prop_ibuf_I_O)         0.438     0.438 r  clk_IBUF_inst/O
                         net (fo=1, routed)           0.699     1.136    clk_IBUF
    BUFGCTRL_X0Y16       BUFG (Prop_bufg_I_O)         0.029     1.165 r  clk_IBUF_BUFG_inst/O
                         net (fo=189, routed)         0.874     2.039    clk_IBUF_BUFG
    SLICE_X6Y93          FDRE                                         r  db_cnt_H_reg[13]/C

Slack:                    inf
  Source:                 btnH
                            (input port)
  Destination:            db_cnt_H_reg[14]/R
                            (rising edge-triggered cell FDRE clocked by sys_clk_pin  {rise@0.000ns fall@5.000ns period=10.000ns})
  Path Group:             (none)
  Path Type:              Hold (Min at Fast Process Corner)
  Data Path Delay:        0.885ns  (logic 0.299ns (33.756%)  route 0.586ns (66.244%))
  Logic Levels:           2  (IBUF=1 LUT1=1)
  Clock Path Skew:        2.039ns (DCD - SCD - CPR)
    Destination Clock Delay (DCD):    2.039ns
    Source Clock Delay      (SCD):    0.000ns
    Clock Pessimism Removal (CPR):    -0.000ns

    Location             Delay type                Incr(ns)  Path(ns)    Netlist Resource(s)
  -------------------------------------------------------------------    -------------------
    M18                                               0.000     0.000 f  btnH (IN)
                         net (fo=0)                   0.000     0.000    btnH
    M18                  IBUF (Prop_ibuf_I_O)         0.254     0.254 f  btnH_IBUF_inst/O
                         net (fo=3, routed)           0.401     0.654    btnH_IBUF
    SLICE_X7Y92          LUT1 (Prop_lut1_I0_O)        0.045     0.699 r  st_H_i_1/O
                         net (fo=20, routed)          0.185     0.885    st_H_i_1_n_0
    SLICE_X6Y93          FDRE                                         r  db_cnt_H_reg[14]/R
  -------------------------------------------------------------------    -------------------

                         (clock sys_clk_pin rise edge)
                                                      0.000     0.000 r  
    E3                                                0.000     0.000 r  clk (IN)
                         net (fo=0)                   0.000     0.000    clk
    E3                   IBUF (Prop_ibuf_I_O)         0.438     0.438 r  clk_IBUF_inst/O
                         net (fo=1, routed)           0.699     1.136    clk_IBUF
    BUFGCTRL_X0Y16       BUFG (Prop_bufg_I_O)         0.029     1.165 r  clk_IBUF_BUFG_inst/O
                         net (fo=189, routed)         0.874     2.039    clk_IBUF_BUFG
    SLICE_X6Y93          FDRE                                         r  db_cnt_H_reg[14]/C

Slack:                    inf
  Source:                 btnH
                            (input port)
  Destination:            db_cnt_H_reg[15]/R
                            (rising edge-triggered cell FDRE clocked by sys_clk_pin  {rise@0.000ns fall@5.000ns period=10.000ns})
  Path Group:             (none)
  Path Type:              Hold (Min at Fast Process Corner)
  Data Path Delay:        0.885ns  (logic 0.299ns (33.756%)  route 0.586ns (66.244%))
  Logic Levels:           2  (IBUF=1 LUT1=1)
  Clock Path Skew:        2.039ns (DCD - SCD - CPR)
    Destination Clock Delay (DCD):    2.039ns
    Source Clock Delay      (SCD):    0.000ns
    Clock Pessimism Removal (CPR):    -0.000ns

    Location             Delay type                Incr(ns)  Path(ns)    Netlist Resource(s)
  -------------------------------------------------------------------    -------------------
    M18                                               0.000     0.000 f  btnH (IN)
                         net (fo=0)                   0.000     0.000    btnH
    M18                  IBUF (Prop_ibuf_I_O)         0.254     0.254 f  btnH_IBUF_inst/O
                         net (fo=3, routed)           0.401     0.654    btnH_IBUF
    SLICE_X7Y92          LUT1 (Prop_lut1_I0_O)        0.045     0.699 r  st_H_i_1/O
                         net (fo=20, routed)          0.185     0.885    st_H_i_1_n_0
    SLICE_X6Y93          FDRE                                         r  db_cnt_H_reg[15]/R
  -------------------------------------------------------------------    -------------------

                         (clock sys_clk_pin rise edge)
                                                      0.000     0.000 r  
    E3                                                0.000     0.000 r  clk (IN)
                         net (fo=0)                   0.000     0.000    clk
    E3                   IBUF (Prop_ibuf_I_O)         0.438     0.438 r  clk_IBUF_inst/O
                         net (fo=1, routed)           0.699     1.136    clk_IBUF
    BUFGCTRL_X0Y16       BUFG (Prop_bufg_I_O)         0.029     1.165 r  clk_IBUF_BUFG_inst/O
                         net (fo=189, routed)         0.874     2.039    clk_IBUF_BUFG
    SLICE_X6Y93          FDRE                                         r  db_cnt_H_reg[15]/C





